<?xml version="1.0" encoding="UTF-8"?>
<!--
	Module Name: accountprocs.xml
	Module Description: Procedures used by the Account Service

	Copyright © 2009 MWneo Corporation

	$Id: accountprocs.xml 10064 2011-07-08 18:16:26Z rrosauro $
	$Revision: 10064 $
	$Date: 2011-07-08 15:16:26 -0300 (Fri, 08 Jul 2011) $
	Created by: amerolli Last Modified by: $Author: rrosauro $
-->
<Procedures>
	<Procedure name="registerEFTActivity">
		INSERT INTO account.EftActivity(Period,PosId,SessionId,Type,Timestamp,Success,Amount,Result,AuthNumber,OrderId,CardNumber)
		VALUES(:period,:posid,:sessionid,:type,strftime('%Y-%m-%dT%H:%M:%f','now'),:successflag,:amount,:result,:authnumber,:orderid,:cardnumber);
	</Procedure>
	<Procedure name="registerGCActivity">
		INSERT INTO account.GiftCardActivity(Period,SessionId,Type,Amount,Timestamp,Description,AuthNumber,OrderId,CardNumber)
		VALUES (:period,:sessionid,:type,:amount,strftime('%Y-%m-%dT%H:%M:%f','now'),:description,:authnumber,:orderid,:cardnumber);
	</Procedure>
	<Procedure name="registerTransfer">
		INSERT INTO account.Transfer(SessionId,Period,Type,Description,Amount,PosId,TenderId,GLAccount)
		VALUES(:sessionid,:period,:type,:description,:amount,:posid,:tenderId,:glAccount);
	</Procedure>
	<Procedure name="getForeverTotals">
		SELECT
			CouponNumber, 
			TotalNet, 
			TotalGross 
		FROM
			account.Totals 
		WHERE
			PosId = :posid AND 
			Period &lt;= :period AND
			Period != :currentperiod
		ORDER BY Period DESC
		LIMIT 1;
	</Procedure>
	<Procedure name="getDailyTotals">
		SELECT
			count() AS CouponNumber, 
			tdsum(Orders.TotalNet,POS.RoundingScale,POS.RoundingModeId) AS TotalNet,
			tdsum(Orders.TotalGross,POS.RoundingScale,POS.RoundingModeId) AS TotalGross
		FROM
			posctrl.UserSession UserSession
		JOIN
			orderdb.Orders Orders
			ON	Orders.BusinessPeriod=UserSession.BusinessPeriod AND
				Orders.SessionId=UserSession.SessionId
		JOIN
			orderdb.POS POS
			ON	POS.POSId=UserSession.PosId
		WHERE
			UserSession.PosId=:posid AND
			UserSession.BusinessPeriod=:period AND
			Orders.StateId=5 AND
			Orders.OrderType=0
		GROUP BY UserSession.PosId, UserSession.BusinessPeriod;
	</Procedure>
	<Procedure name="getTransfers">
		SELECT
			Transfer.Type,
			Transfer.Description,
			Transfer.Amount,
			Transfer.SessionId
		FROM
			account.Transfer Transfer
		JOIN
			posctrl.UserSession UserSession
			ON UserSession.SessionId=Transfer.SessionId 
		WHERE 
			UserSession.PosId=:posid AND 
			Transfer.Period=:period AND
			(
				CASE WHEN :type IS NOT NULL
					THEN
						CASE WHEN :type = Transfer.Type
							THEN 1
							ELSE 0
						END
					ELSE 1
				END
			) = 1;
	</Procedure>
	<Procedure name="closePeriod">
		INSERT OR REPLACE INTO account.Totals(PosId,Period,CouponNumber,TotalNet,TotalGross)
		SELECT
		    POS.PosId,
		    DayTotals.Period,
		    (DayTotals.CouponNumber + COALESCE(LastDayTotals.CouponNumber,0)) AS CouponNumber,
		    tdadd(DayTotals.TotalNet, COALESCE(LastDayTotals.TotalNet,'0.00'), POS.RoundingScale, POS.RoundingModeId) AS TotalNet,
		    tdadd(DayTotals.TotalGross, COALESCE(LastDayTotals.TotalGross,'0.00'), POS.RoundingScale, POS.RoundingModeId) AS TotalGross
		FROM
		    orderdb.POS POS
		JOIN (
		    SELECT
		        Orders.BusinessPeriod AS Period,
		        POS.PosId AS PosId,
		        count() AS CouponNumber, 
		        tdsum(Orders.TotalNet,POS.RoundingScale,POS.RoundingModeId) AS TotalNet,
		        tdsum(Orders.TotalGross,POS.RoundingScale,POS.RoundingModeId) AS TotalGross
		    FROM
		        orderdb.POS POS
		    JOIN
		        orderdb.Orders Orders
		    WHERE
		        POS.PosId=:posid AND
		        Orders.BusinessPeriod=:period AND
		        Orders.StateId=5 AND
		        Orders.OrderType=0
		    GROUP BY Orders.BusinessPeriod
		)    DayTotals
		    ON    DayTotals.PosId=POS.PosId
		LEFT JOIN (
		    SELECT
		        Period,
		        PosId,
		        CouponNumber, 
		        TotalNet, 
		        TotalGross 
		    FROM
		        account.Totals 
		    WHERE
		        PosId = :posid AND 
		        Period = (SELECT MAX(Period) FROM account.Totals WHERE PosId=:posid AND Period &lt; :period)
		)    LastDayTotals
		    ON    LastDayTotals.PosId=DayTotals.PosId
		WHERE
		    POS.PosId=:posid;
	</Procedure>
</Procedures>
