<?xml version="1.0" encoding="UTF-8"?>
<!--
	Module Name: boaccountprocs.xml
	Module Description: Procedures used by the Back Office Accounting Service

	Copyright © 2009 MWneo Corporation

	$Id$
	$Revision$
	$Date$
	Created by: amerolli Last Modified by: $Author$
-->
<Procedures>
    <Procedure name="transactionTypeGet">
        SELECT  
            TransactionTypeId AS trnTypeId,
            LongDescription AS longDescr,
            ShortDescription AS shortDescr
        FROM
            boaccount.TransactionType;
    </Procedure>
    <Procedure name="transactionTypeRemove">
        DELETE FROM boaccount.TransactionType
        WHERE
            TransactionTypeId=CAST(:op_trnTypeId AS INTEGER) AND
            NOT EXISTS (
                SELECT 1 FROM boaccount.GeneralJournal WHERE TransactionTypeId=CAST(:op_trnTypeId AS INTEGER) LIMIT 1
            ) AND
            NOT EXISTS (
                SELECT 1 FROM boaccount.JournalTemplate WHERE TransactionTypeId=CAST(:op_trnTypeId AS INTEGER) LIMIT 1
            );
    </Procedure>    
    <Procedure name="transactionTypeAdd">
        INSERT INTO boaccount.TransactionType(TransactionTypeId, LongDescription, ShortDescription, DataTemplate)
        SELECT
            MAX(LatestTransactionTypeId)+1 AS TransactionTypeId,
            :longDescr AS LongDescription,
            :shortDescr AS ShortDescription,
            :op_dataTemplate AS DataTemplate
        FROM (            
            SELECT
                MAX(TransactionTypeId) AS LatestTransactionTypeId
            FROM
                boaccount.TransactionType
            UNION ALL
            SELECT
                0 AS LatestTransactionTypeId
        );            
    </Procedure>
    
    <Procedure name="chartOfAccountsTreeGet">
        SELECT
            CATree.AccountContext AS AccountContext,
            CATree.AccountLevel AS AccountLevel,
            CATree.AccountNumber AS AccountNumber,
            CA.AccountTitle AS AccountTitle,
            CA.AccountType AS AccountType
        FROM
            temp.ChartOfAccountsTree CATree
        JOIN
            boaccount.ChartOfAccounts CA
            ON  CA.AccountNumber=CATree.AccountNumber
        ORDER BY AccountContext, AccountLevel, AccountNumber;
    </Procedure>
    <Procedure name="chartOfAccountsGet">
        SELECT
            AccountNumber AS accNumber,
            AccountGroup AS accParent,
            AccountTitle AS accTitle,
            AccountType AS accType,
            IsGroup AS isGroup,
            RModeId AS rmodeId,
            RScale AS rscale
        FROM
            boaccount.ChartOfAccounts;
    </Procedure>
    <Procedure name="chartOfAccountsRemove">
        DELETE FROM boaccount.ChartOfAccounts
        WHERE
            AccountNumber=:accNumber AND NOT EXISTS (
                SELECT 1 FROM boaccount.ChartOfAccounts WHERE AccountGroup=:accNumber LIMIT 1
            );
    </Procedure>
    <Procedure name="chartOfAccountsAddUpdate">
        INSERT OR REPLACE INTO boaccount.ChartOfAccounts(AccountNumber,AccountGroup,AccountTitle,AccountType,IsGroup,RModeId,RScale)
        SELECT
            COALESCE(NewAcc.AccountNumber,CurrAcc.AccountNumber) AS AccountNumber,
            COALESCE(NewAcc.AccountGroup,CurrAcc.AccountGroup) AS AccountGroup,
            COALESCE(NewAcc.AccountTitle,CurrAcc.AccountTitle) AS AccountTitle,
            COALESCE(NewAcc.Accounttype,CurrAcc.AccountType) AS AccountType,
            COALESCE(NewAcc.IsGroup,CurrAcc.IsGroup) AS IsGroup,
            COALESCE(NewAcc.RModeId,CurrAcc.RModeId) AS RModeId,
            COALESCE(NewAcc.RScale,CurrAcc.RScale) AS RScale
        FROM (
            SELECT
                :accNumber AS AccountNumber,
                :op_accParent AS AccountGroup,
                :op_accTitle AS AccountTitle,
                (CASE WHEN UPPER(:op_accType) IN ('C','D') THEN UPPER(:op_accType) ELSE NULL END) AS AccountType,
                (CASE WHEN (:op_accParent) IS NOT NULL THEN 1 ELSE 0 END) AS IsGroup,
                COALESCE(CAST(:op_rmodeid AS INTEGER),0) AS RModeId,
                COALESCE(CAST(:op_rscale AS INTEGER),2) AS RScale
        )   NewAcc
        LEFT JOIN
            boaccount.ChartOfAccounts CurrAcc
            ON  CurrAcc.AccountNumber=NewAcc.AccountNumber;
    </Procedure>
    
    <Procedure name="journalTemplateGet">
        SELECT
            JournalTemplate.TransactionTypeId AS trnTypeId,
            JournalTemplate.LineNumber AS lineNumber,
            TransactionType.LongDescription AS longDescr,
            TransactionType.ShortDescription AS shortDescr,
            JournalTemplate.AccountNumber AS accNumber,
            ChartOfAccounts.AccountTitle AS accTitle,
            ChartOfAccounts.AccountType AS accType,
            JournalTemplate.EntryKind AS entryKind,
            JournalTemplate.AmountParam AS amountParam,
            JournalTemplate.Signal AS signal
        FROM
            boaccount.JournalTemplate JournalTemplate
        JOIN
            boaccount.TransactionType TransactionType
            ON  TransactionType.TransactionTypeId=JournalTemplate.TransactionTypeId
        JOIN
            boaccount.ChartOfAccounts ChartOfAccounts
            ON  ChartOfAccounts.AccountNumber=JournalTemplate.AccountNumber;
    </Procedure>
    <Procedure name="journalTemplateRemove">
        DELETE FROM boaccount.JournalTemplate
        WHERE
            TransactionTypeId=CAST(:trnTypeId AS INTEGER) AND
            LineNumber=CAST(:lineNumber AS INTEGER);
    </Procedure>
    <Procedure name="journalTemplateAddUpdate">
        INSERT OR REPLACE INTO boaccount.JournalTemplate(TransactionTypeId, LineNumber, AccountNumber, EntryKind, AmountParam, Signal)
        SELECT
            COALESCE(N.TransactionTypeId,C.TransactionTypeId) AS TransactionTypeId, 
            COALESCE(N.LineNumber,C.LineNumber) AS LineNumber, 
            COALESCE(N.AccountNumber,C.AccountNumber) AS AccountNumber, 
            COALESCE(N.EntryKind,C.EntryKind) AS EntryKind, 
            COALESCE(N.AmountParam,C.AmountParam) AS AmountParam, 
            COALESCE(N.Signal,C.Signal) AS Signal
        FROM (
            SELECT
                CAST(:trnTypeId AS INTEGER) AS TransactionTypeId,
                CAST(:lineNumber AS INTEGER) AS LineNumber,
                :op_accNumber AS AccountNumber,
                (CASE WHEN UPPER(:op_entryKind) IN ('C','D') THEN UPPER(:op_entryKind) ELSE NULL END) AS EntryKind,
                :op_parameter AS AmountParam,
                CAST(:op_signal AS INTEGER) AS Signal
        )   N
        LEFT JOIN
            boaccount.JournalTemplate C
            ON  C.TransactionTypeId=N.TransactionTypeId AND
                C.LineNumber=N.LineNumber;
    </Procedure>

    <Procedure name="generalJournalGet">
        SELECT
            GeneralJournal.TransactionNumber AS trnNumber,
            GeneralJournal.TransactionTypeId AS trnTypeId,
            GeneralJournal.TransactionDate AS trnDate,
            GeneralJournal.Description AS trnDescription,
            GeneralJournal.TransactionAmount AS trnAmount,
            GeneralJournal.State AS state,
            '['||GROUP_CONCAT('{"Parameter": "'||TransactionData.Parameter||'", "Value": "'||TransactionData.Value||'"}')||']' AS trnData
        FROM
            boaccount.GeneralJournal GeneralJournal
        LEFT JOIN
            boaccount.TransactionData TransactionData
            ON  TransactionData.TransactionNumber=GeneralJournal.TransactionNumber AND
                COALESCE(CAST(:op_includeTransactionData AS INTEGER),0) = 1
        WHERE
            (CASE WHEN :op_trnDate IS NOT NULL THEN 
                CASE WHEN GeneralJournal.TransactionDate = DATE(:op_trnDate)
                    THEN 1
                    ELSE 0
                END
                ELSE 1
            END) = 1 AND
            (CASE WHEN :op_state IS NOT NULL THEN
                CASE WHEN GeneralJournal.State = CAST(:op_state AS INTEGER)
                    THEN 1
                    ELSE 0
                END
                ELSE 1
            END) = 1
        GROUP BY trnNumber
        ORDER BY trnNumber DESC;
    </Procedure>
    <Procedure name="generalJournalAdd">
        INSERT INTO boaccount.GeneralJournal(TransactionTypeId, TransactionDate, Description, TransactionAmount, State)
        VALUES(CAST(:trnTypeId AS INTEGER), COALESCE(DATE(:op_transactionDate), CURRENT_DATE), :description, :op_amount, 0);
        
        INSERT INTO boaccount.TransactionData(TransactionNumber, Parameter, Value)
        SELECT
            Journal.TransactionNumber AS TransactionNumber,
            JSONGet('Parameter', TransactionData.Id) AS Parameter,
            JSONGet('Value', TransactionData.Id) AS Value
        FROM (
            SELECT
                MAX(TransactionNumber) AS TransactionNumber
            FROM
                boaccount.GeneralJournal
        )   Journal,
            temp.PreparedStringTable TransactionData;
            
        UPDATE boaccount.GeneralJournal
        SET
            State=1
        WHERE
            COALESCE(CAST(:op_apply AS INTEGER),1) = 1 AND
            TransactionNumber IN (
                SELECT
                    MAX(TransactionNumber) AS TransactionNumber
                FROM
                    boaccount.GeneralJournal
            );
        
        SELECT
            MAX(TransactionNumber) AS trnNumber
        FROM
            boaccount.GeneralJournal;
    </Procedure>
    <Procedure name="generalJournalUpdate">
        UPDATE boaccount.GeneralJournal
        SET
            State=1
        WHERE
            TransactionNumber IN (
                SELECT TransactionNumber
                FROM GeneralJournal
                WHERE TransactionNumber IN (
                    SELECT Id FROM temp.PreparedIntegerTable
                ) AND State = 0
            );
    </Procedure>
    <Procedure name="generalJournalRemove">
        UPDATE boaccount.GeneralJournal
        SET State = 2
        WHERE TransactionNumber IN (
            SELECT Id FROM temp.PreparedIntegerTable
        );
        
        DELETE FROM boaccount.TransactionData
        WHERE TransactionNumber IN (
            SELECT TransactionNumber
            FROM GeneralJournal
            WHERE TransactionNumber IN (
                SELECT Id FROM temp.PreparedIntegerTable
            ) AND State = 2
        );
        
        DELETE FROM boaccount.GeneralJournalEntry
        WHERE EntryId IN (
            SELECT EntryId
            FROM GeneralJournalEntry
            WHERE TransactionNumber IN (
                SELECT TransactionNumber
                FROM GeneralJournal
                WHERE TransactionNumber IN (
                    SELECT Id FROM temp.PreparedIntegerTable
                ) AND State = 2
            )
        );
        
        DELETE FROM boaccount.GeneralJournal
        WHERE TransactionNumber IN (
            SELECT TransactionNumber
            FROM GeneralJournal
            WHERE TransactionNumber IN (
                SELECT Id FROM temp.PreparedIntegerTable
            ) AND State = 2
        );
    </Procedure>
    
    <Procedure name="trialBalanceGet">
        SELECT
            TrialBalance.LastTransactionDate AS lastTransactionDate,
            TrialBalance.Description AS description,
            TrialBalance.Auto AS isInitialBalance,
            '['||GROUP_CONCAT('{"accNumber": "'||GeneralLedger.AccountNumber||'", "initialBalance": "'||GeneralLedger.InitialBalance||'", "finalBalance": "'||GeneralLedger.FinalBalance||'"}')||']' AS accBalances
        FROM
            boaccount.TrialBalance TrialBalance
        LEFT JOIN
            boaccount.GeneralLedger GeneralLedger
            ON  GeneralLedger.LastTransactionDate=TrialBalance.LastTransactionDate AND
                GeneralLedger.AccountNumber IN (SELECT Id FROM temp.PreparedStringTable)
        WHERE
            TrialBalance.LastTransactionDate = (
                SELECT MAX(LastTransactionDate) FROM TrialBalance WHERE LastTransactionDate &lt; DATE(:businessDate)
            ) AND
            TrialBalance.LastTransactionDate IS NOT NULL;
    </Procedure>
    <Procedure name="trialBalanceAdd">
        UPDATE boaccount.GeneralJournal
        SET
            State=1
        WHERE
            TransactionNumber IN (
                SELECT Id FROM temp.PreparedIntegerTable
            ) AND
            State=0;
            
        INSERT INTO boaccount.TrialBalance(LastTransactionDate, Description)
        SELECT
            DATE(:businessDate) AS LastTransactionDate,
            :description AS Description
        WHERE NOT EXISTS (
            SELECT 1 FROM boaccount.TrialBalance WHERE LastTransactionDate=DATE(:businessDate)
        );
    </Procedure>
    <Procedure name="trialBalanceUpdate">
        UPDATE boaccount.TrialBalance
        SET
            Description=:description
        WHERE
            LastTransactionDate = (SELECT MAX(LastTransactionDate) FROM TrialBalance WHERE LastTransactionDate &lt; DATE(:businessDate));
    </Procedure>
    
    
    <!-- TK_BOACCOUNT_REPORT -->
    <Procedure name="getAccountBalance">
        SELECT
            GeneralLedger.LastTransactionDate AS lastTransactionDate,
            GeneralLedger.AccountNumber AS accountNumber,
            ChartOfAccounts.AccountTitle AS accountTitle,
            GeneralLedger.InitialBalance AS initialBalance,
            GeneralLedger.TotalAmount AS totalAmount,
            GeneralLedger.FinalBalance AS finalBalance
        FROM boaccount.GeneralLedger GeneralLedger
        JOIN boaccount.ChartOfAccounts ChartOfAccounts 
          ON ChartOfAccounts.AccountNumber=GeneralLedger.AccountNumber
        WHERE
            GeneralLedger.AccountNumber = :accountNumber AND
            GeneralLedger.LastTransactionDate = (
                SELECT MAX(LastTransactionDate) FROM boaccount.GeneralLedger WHERE AccountNumber = :accountNumber
            );
    </Procedure>
    <Procedure name="adjustAccountInitialBalance">
        -- Workaround to help initialize an account's initial balance (e.g. Initial Grand Total).
        -- The account must be a root account (i.e it has no parent account).
        -- All upcoming balances after the provided :businessDate will be also adjusted .
        UPDATE boaccount.GeneralLedger
        SET
            InitialBalance = tdadd(:adjustAmount,InitialBalance),
            FinalBalance = tdadd(tdadd(:adjustAmount,InitialBalance),TotalAmount)
        WHERE
            _ROWID_ IN (
                SELECT _ROWID_
                FROM boaccount.GeneralLedger
                WHERE AccountNumber = :accountNumber AND
                      LastTransactionDate >= (
                        SELECT MAX(LastTransactionDate) 
                        FROM boaccount.GeneralLedger 
                        WHERE AccountNumber = :accountNumber AND LastTransactionDate &lt; DATE(:businessDate)
                      ) AND NOT EXISTS (
                        SELECT 1 FROM boaccount.ChartOfAccounts 
                        WHERE AccountNumber = :accountNumber AND AccountGroup IS NOT NULL
                      )
            );
        
        SELECT
            GeneralLedger.LastTransactionDate AS lastTransactionDate,
            GeneralLedger.AccountNumber AS accountNumber,
            ChartOfAccounts.AccountTitle AS accountTitle,
            GeneralLedger.InitialBalance AS initialBalance,
            GeneralLedger.TotalAmount AS totalAmount,
            GeneralLedger.FinalBalance AS finalBalance
        FROM boaccount.GeneralLedger GeneralLedger
        JOIN boaccount.ChartOfAccounts ChartOfAccounts ON ChartOfAccounts.AccountNumber=GeneralLedger.AccountNumber
        WHERE
            GeneralLedger._ROWID_ IN (
                SELECT _ROWID_
                FROM boaccount.GeneralLedger
                WHERE AccountNumber = :accountNumber AND
                      LastTransactionDate >= (
                        SELECT MAX(LastTransactionDate) 
                        FROM boaccount.GeneralLedger 
                        WHERE AccountNumber = :accountNumber AND LastTransactionDate &lt; DATE(:businessDate)
                      ) AND NOT EXISTS (
                        SELECT 1 FROM boaccount.ChartOfAccounts 
                        WHERE AccountNumber = :accountNumber AND AccountGroup IS NOT NULL
                      )
            );
    </Procedure>
    <Procedure name="generalLedgerReportByDate">
        SELECT
            ChartOfAccountsTree.AccountContext AS accountContext,
            GeneralLedger.AccountNumber AS accountNumber,
            ChartOfAccountsTree.AccountLevel AS accountLevel,
            ChartOfAccounts.AccountTitle AS accountTitle,
            GeneralLedger.InitialBalance AS initialBalance,
            GeneralLedger.TotalAmount AS totalAmount,
            GeneralLedger.FinalBalance AS finalBalance
        FROM 
            boaccount.TrialBalance TrialBalance
        JOIN
            boaccount.GeneralLedger GeneralLedger
            ON  GeneralLedger.LastTransactionDate=TrialBalance.LastTransactionDate
        JOIN
            boaccount.ChartOfAccounts ChartOfAccounts
            ON  ChartOfAccounts.AccountNumber=GeneralLedger.AccountNumber
        JOIN
            temp.ChartOfAccountsTree ChartOfAccountsTree
            ON ChartOfAccountsTree.AccountNumber=GeneralLedger.AccountNumber
        WHERE
            TrialBalance.LastTransactionDate = (
                SELECT MAX(LastTransactionDate) FROM TrialBalance WHERE LastTransactionDate &lt; DATE(:businessDate)
            ) AND (
                CASE WHEN COALESCE(CAST(:op_excludeZeroedAccounts AS INTEGER),0) == 1 THEN
                    CASE WHEN   tdcmp(GeneralLedger.InitialBalance,0)!=0 OR
                                tdcmp(GeneralLedger.TotalAmount,0)!=0 OR
                                tdcmp(GeneralLedger.FinalBalance,0)!=0 
                        THEN 1
                        ELSE 0
                    END
                    ELSE 1
                END
            ) = 1;
    </Procedure>
    <Procedure name="generalLedgerReportByPeriod">
        SELECT
            ChartOfAccountsTree.AccountContext AS accountContext,
            GeneralLedger.AccountNumber AS accountNumber,
            ChartOfAccountsTree.AccountLevel AS accountLevel,
            ChartOfAccounts.AccountTitle AS accountTitle,
            tdsum(
                CASE WHEN GeneralLedger.LastTransactionDate = (SELECT MAX(LastTransactionDate) FROM TrialBalance WHERE LastTransactionDate &lt; DATE(:initialDate))
                    THEN GeneralLedger.InitialBalance 
                    ELSE 0
                END
            ) AS initialBalance,
            tdsum(GeneralLedger.TotalAmount) AS totalAmount,
            tdsum(
                CASE WHEN GeneralLedger.LastTransactionDate = (SELECT MAX(LastTransactionDate) FROM TrialBalance WHERE LastTransactionDate &lt; DATE(:finalDate))
                    THEN GeneralLedger.FinalBalance
                    ELSE 0
                END
            ) AS finalBalance
        FROM 
            boaccount.GeneralLedger GeneralLedger
        JOIN
            boaccount.ChartOfAccounts ChartOfAccounts
            ON  ChartOfAccounts.AccountNumber=GeneralLedger.AccountNumber
        JOIN
            temp.ChartOfAccountsTree ChartOfAccountsTree
            ON ChartOfAccountsTree.AccountNumber=GeneralLedger.AccountNumber
        WHERE
            GeneralLedger.LastTransactionDate BETWEEN
                (SELECT MAX(LastTransactionDate) FROM TrialBalance WHERE LastTransactionDate &lt; DATE(:initialDate)) AND
                (SELECT MAX(LastTransactionDate) FROM TrialBalance WHERE LastTransactionDate &lt; DATE(:finalDate))
        GROUP BY GeneralLedger.AccountNumber;
    </Procedure>
</Procedures>