<?xml version="1.0" encoding="UTF-8"?>
<!--
	Module Name: bocashprocs.xml
	Module Description: Procedures used by the Back Office Cash Control Service

	Copyright © 2009 MWneo Corporation

	$Id$
	$Revision$
	$Date$
	Created by: amerolli Last Modified by: $Author$
-->
<Procedures>
    <Procedure name="updateStoreId">
        UPDATE bocash.Migration
        SET TriggersEnabled=0;
    
        UPDATE bocash.BusinessWeek
        SET StoreId=CAST(:newStoreId AS INTEGER)
        WHERE StoreId=CAST(:oldStoreId AS INTEGER);
        
        UPDATE bocash.BusinessDate
        SET StoreId=CAST(:newStoreId AS INTEGER)
        WHERE StoreId=CAST(:oldStoreId AS INTEGER);
        
        UPDATE bocash.POSHistory
        SET StoreId=CAST(:newStoreId AS INTEGER)
        WHERE StoreId=CAST(:oldStoreId AS INTEGER);
        
        UPDATE bocash.POSDrawerChange
        SET StoreId=CAST(:newStoreId AS INTEGER)
        WHERE StoreId=CAST(:oldStoreId AS INTEGER);
        
        UPDATE bocash.DrawerCount
        SET StoreId=CAST(:newStoreId AS INTEGER)
        WHERE StoreId=CAST(:oldStoreId AS INTEGER);
        
        UPDATE bocash.CashTransaction
        SET StoreId=CAST(:newStoreId AS INTEGER)
        WHERE StoreId=CAST(:oldStoreId AS INTEGER);
        
        UPDATE bocash.StorePOSConfig
        SET StoreId=CAST(:newStoreId AS INTEGER)
        WHERE StoreId=CAST(:oldStoreId AS INTEGER);
        
        UPDATE boreport.Workbook
        SET StoreId=CAST(:newStoreId AS INTEGER)
        WHERE StoreId=CAST(:oldStoreId AS INTEGER);
    
        UPDATE bocash.Migration
        SET TriggersEnabled=1;
        
        SELECT DISTINCT StoreId AS storeId
        FROM bocash.StorePOSConfig
        LIMIT 1;
    </Procedure>
    <Procedure name="storePOSConfigGet">
        SELECT
            StorePOSConfig.StoreId AS StoreId,
            StorePOSConfig.POSId AS POSId,
            CASE StorePOSConfig.Status
                WHEN 0 THEN 'CLOSED'
                WHEN 1 THEN 'OPENED'
                ELSE 'UNDEFINED'
            END AS currentStatus,
            StorePOSConfig.BusinessDate AS businessDate,
            DATE(POSOpen.EventDateTime, 'localtime') AS openDate,
            TIME(POSOpen.EventDateTime, 'localtime') AS openTime,
            DATE(POSClose.EventDateTime, 'localtime') AS closeDate,
            TIME(POSClose.EventDateTime, 'localtime') AS closeTime
        FROM
            bocash.StorePOSConfig StorePOSConfig
        LEFT JOIN
            bocash.POSHistory POSOpen
            ON  POSOpen.StoreId=StorePOSConfig.StoreId AND
                POSOpen.POSId=StorePOSConfig.POSId AND
                POSOpen.EventType=1 AND
                POSOpen.BusinessDate=StorePOSConfig.BusinessDate
        LEFT JOIN
            bocash.POSHistory POSClose
            ON  POSClose.StoreId=StorePOSConfig.StoreId AND
                POSClose.POSId=StorePOSConfig.POSId AND
                POSClose.EventType=3 AND
                POSClose.BusinessDate=StorePOSConfig.BusinessDate
        WHERE
            StorePOSConfig.StoreId=CAST(COALESCE(:op_storeId,(SELECT KeyValue FROM storecfg.Configuration WHERE KeyPath='Store.Id' LIMIT 1),'0') AS INTEGER) AND
            (
                CASE WHEN :op_posId is NOT NULL THEN
                    CASE WHEN StorePOSConfig.POSId=CAST(:op_posId AS INTEGER)
                        THEN 1
                        ELSE 0
                    END
                    ELSE 1
                END
            ) = 1;
    </Procedure>
    <Procedure name="storePOSConfigRemove">
        DELETE FROM bocash.StorePOSConfig
        WHERE
            StorePOSConfig.StoreId=CAST(COALESCE(:op_storeId,(SELECT KeyValue FROM storecfg.Configuration WHERE KeyPath='Store.Id' LIMIT 1),'0') AS INTEGER) AND
            StorePOSConfig.POSId=CAST(:posId AS INTEGER);
    </Procedure>
    <Procedure name="storePOSConfigAdd">
        INSERT INTO bocash.StorePOSConfig(StoreId,POSId,InitialWeekDay,Status,BusinessDate)
        VALUES(
            CAST(COALESCE(:op_storeId,(SELECT KeyValue FROM storecfg.Configuration WHERE KeyPath='Store.Id' LIMIT 1),'0') AS INTEGER), 
            CAST(:posId AS INTEGER), 
            COALESCE((SELECT KeyValue FROM storecfg.Configuration WHERE KeyPath='BackOffice.initialWeekDay' LIMIT 1),CAST(:op_initialWeekDay AS INTEGER),3), 
            COALESCE(CAST(:op_status AS INTEGER),0), 
            DATE(:businessDate)
        );
        
        SELECT
            StorePOSConfig.StoreId AS StoreId,
            StorePOSConfig.POSId AS POSId,
            CASE StorePOSConfig.Status
                WHEN 0 THEN 'CLOSED'
                WHEN 1 THEN 'OPENED'
                ELSE 'UNDEFINED'
            END AS currentStatus,
            StorePOSConfig.BusinessDate AS BusinessDate
        FROM
            bocash.StorePOSConfig StorePOSConfig
        WHERE
            StorePOSConfig.StoreId=CAST(COALESCE(:op_storeId,(SELECT KeyValue FROM storecfg.Configuration WHERE KeyPath='Store.Id' LIMIT 1),'0') AS INTEGER) AND
            StorePOSConfig.POSId=CAST(:posId AS INTEGER);
    </Procedure>
    <Procedure name="businessWeekGet">
        DELETE FROM temp.POSHistoryEvent;
        INSERT INTO temp.POSHistoryEvent(BusinessDate, StoreId)
        SELECT
            T1.BusinessDate,
            T1.StoreId
        FROM (
            SELECT
                BW.StoreId AS StoreId,
                BW.BusinessWeekNumber AS BusinessWeekNumber,
                BD.BusinessDate AS BusinessDate,
                CASE 
                    WHEN BD.BusinessDate=BW.UntilBusinessDate AND EXISTS (SELECT 1 FROM boreport.Workbook WHERE ToDate=BD.BusinessDate) THEN 0
                    WHEN BD.BusinessDate=BW.UntilBusinessDate AND NOT EXISTS (SELECT 1 FROM boreport.Workbook WHERE ToDate=BD.BusinessDate) THEN 2 
                    WHEN BD.BusinessDate!=BW.UntilBusinessDate AND BD.Status!=2 THEN 0
                    ELSE 1
                END AS Flag,
                BD.Status AS Status
            FROM
                bocash.BusinessWeek BW
            JOIN
                bocash.BusinessDate BD 
                ON BD.StoreId=BW.StoreId AND BD.BusinessDate BETWEEN BW.FromBusinessDate AND BW.UntilBusinessDate
            WHERE
                BW.StoreId=CAST(COALESCE(:op_storeId,(SELECT KeyValue FROM storecfg.Configuration WHERE KeyPath='Store.Id' LIMIT 1),'0') AS INTEGER) AND
                BD.BusinessDate>=COALESCE((SELECT MAX(ToDate) FROM boreport.Workbook WHERE StoreId=CAST(COALESCE(:op_storeId,(SELECT KeyValue FROM storecfg.Configuration WHERE KeyPath='Store.Id' LIMIT 1),'0') AS INTEGER)),DATE('1970-01-01'))
            ORDER BY Flag DESC, Status DESC, BusinessDate
            LIMIT 1
        ) T1;
            
        SELECT
            BusinessWeek.StoreId AS storeId,
            BusinessWeek.Year AS year,
            BusinessWeek.BusinessWeekNumber AS businessWeekNumber,
            BusinessWeek.Month AS month,
            BusinessWeek.FromBusinessDate AS fromBusinessDate,
            BusinessWeek.UntilBusinessDate AS untilBusinessDate,
            BusinessDates.BusinessDate AS businessDate,
            strftime('%w',BusinessDates.BusinessDate) AS weekDayNumber,
            CASE CAST(strftime('%w',BusinessDates.BusinessDate) AS INTEGER)
                WHEN 0 THEN 'SUN'  
                WHEN 1 THEN 'MON'  
                WHEN 2 THEN 'TUE'  
                WHEN 3 THEN 'WED'  
                WHEN 4 THEN 'THU'  
                WHEN 5 THEN 'FRI'  
                WHEN 6 THEN 'SAT'    
                ELSE '?'
            END AS weekDay,
            CASE COALESCE(BusinessDate.Status,3)
                WHEN 0 THEN 'CREATED'
                WHEN 1 THEN 'OPENED'
                WHEN 2 THEN 'CLOSED'
                ELSE 'UNDEFINED'
            END AS businessDateStatus
        FROM
            bocash.BusinessWeek BusinessWeek, (
                SELECT MAX(BusinessDate) AS BusinessDate FROM temp.POSHistoryEvent
            ) AS Latest            
        JOIN (
                SELECT
                    BusinessWeek.BusinessWeekNumber AS BusinessWeekNumber,
                    BusinessWeek.UntilBusinessDate AS BusinessDate
                FROM
                    bocash.BusinessWeek BusinessWeek
                WHERE
                    BusinessWeek.StoreId=(SELECT StoreId FROM temp.POSHistoryEvent LIMIT 1) AND
                    DATE(COALESCE((SELECT MAX(BusinessDate) FROM temp.POSHistoryEvent), CURRENT_DATE)) BETWEEN BusinessWeek.FromBusinessDate AND BusinessWeek.UntilBusinessDate                    
                UNION ALL
                SELECT
                    BusinessWeek.BusinessWeekNumber AS BusinessWeekNumber,
                    DATE(BusinessWeek.UntilBusinessDate,'-1 DAY') AS BusinessDate
                FROM
                    bocash.BusinessWeek BusinessWeek
                WHERE
                    BusinessWeek.StoreId=(SELECT StoreId FROM temp.POSHistoryEvent LIMIT 1) AND
                    DATE(COALESCE((SELECT MAX(BusinessDate) FROM temp.POSHistoryEvent), CURRENT_DATE)) BETWEEN BusinessWeek.FromBusinessDate AND BusinessWeek.UntilBusinessDate AND
                    businessDate >= BusinessWeek.FromBusinessDate
                UNION ALL
                SELECT
                    BusinessWeek.BusinessWeekNumber AS BusinessWeekNumber,
                    DATE(BusinessWeek.UntilBusinessDate,'-2 DAY') AS BusinessDate
                FROM
                    bocash.BusinessWeek BusinessWeek
                WHERE
                    BusinessWeek.StoreId=(SELECT StoreId FROM temp.POSHistoryEvent LIMIT 1) AND
                    DATE(COALESCE((SELECT MAX(BusinessDate) FROM temp.POSHistoryEvent), CURRENT_DATE)) BETWEEN BusinessWeek.FromBusinessDate AND BusinessWeek.UntilBusinessDate AND
                    businessDate >= BusinessWeek.FromBusinessDate
                UNION ALL
                SELECT
                    BusinessWeek.BusinessWeekNumber AS BusinessWeekNumber,
                    DATE(BusinessWeek.UntilBusinessDate,'-3 DAY') AS BusinessDate
                FROM
                    bocash.BusinessWeek BusinessWeek
                WHERE
                    BusinessWeek.StoreId=(SELECT StoreId FROM temp.POSHistoryEvent LIMIT 1) AND
                    DATE(COALESCE((SELECT MAX(BusinessDate) FROM temp.POSHistoryEvent), CURRENT_DATE)) BETWEEN BusinessWeek.FromBusinessDate AND BusinessWeek.UntilBusinessDate AND
                    businessDate >= BusinessWeek.FromBusinessDate
                UNION ALL
                SELECT
                    BusinessWeek.BusinessWeekNumber AS BusinessWeekNumber,
                    DATE(BusinessWeek.UntilBusinessDate,'-4 DAY') AS BusinessDate
                FROM
                    bocash.BusinessWeek BusinessWeek
                WHERE
                    BusinessWeek.StoreId=(SELECT StoreId FROM temp.POSHistoryEvent LIMIT 1) AND
                    DATE(COALESCE((SELECT MAX(BusinessDate) FROM temp.POSHistoryEvent), CURRENT_DATE)) BETWEEN BusinessWeek.FromBusinessDate AND BusinessWeek.UntilBusinessDate AND
                    businessDate >= BusinessWeek.FromBusinessDate
                UNION ALL
                SELECT
                    BusinessWeek.BusinessWeekNumber AS BusinessWeekNumber,
                    DATE(BusinessWeek.UntilBusinessDate,'-5 DAY') AS BusinessDate
                FROM
                    bocash.BusinessWeek BusinessWeek
                WHERE
                    BusinessWeek.StoreId=(SELECT StoreId FROM temp.POSHistoryEvent LIMIT 1) AND
                    DATE(COALESCE((SELECT MAX(BusinessDate) FROM temp.POSHistoryEvent), CURRENT_DATE)) BETWEEN BusinessWeek.FromBusinessDate AND BusinessWeek.UntilBusinessDate AND
                    businessDate >= BusinessWeek.FromBusinessDate
                UNION ALL
                SELECT
                    BusinessWeek.BusinessWeekNumber AS BusinessWeekNumber,
                    DATE(BusinessWeek.UntilBusinessDate,'-6 DAY') AS BusinessDate
                FROM
                    bocash.BusinessWeek BusinessWeek
                WHERE
                    BusinessWeek.StoreId=(SELECT StoreId FROM temp.POSHistoryEvent LIMIT 1) AND
                    DATE(COALESCE((SELECT MAX(BusinessDate) FROM temp.POSHistoryEvent), CURRENT_DATE)) BETWEEN BusinessWeek.FromBusinessDate AND BusinessWeek.UntilBusinessDate AND
                    businessDate >= BusinessWeek.FromBusinessDate
                UNION ALL
                SELECT
                    BusinessWeek.BusinessWeekNumber AS BusinessWeekNumber,
                    DATE(BusinessWeek.UntilBusinessDate,'-7 DAY') AS BusinessDate
                FROM
                    bocash.BusinessWeek BusinessWeek
                WHERE
                    BusinessWeek.StoreId=(SELECT StoreId FROM temp.POSHistoryEvent LIMIT 1) AND
                    DATE(COALESCE((SELECT MAX(BusinessDate) FROM temp.POSHistoryEvent), CURRENT_DATE)) BETWEEN BusinessWeek.FromBusinessDate AND BusinessWeek.UntilBusinessDate AND
                    businessDate >= BusinessWeek.FromBusinessDate
            )   BusinessDates
                ON BusinessDates.BusinessWeekNumber=BusinessWeek.BusinessWeekNumber
        LEFT JOIN
            bocash.BusinessDate BusinessDate
            ON  BusinessDate.BusinessDate=BusinessDates.BusinessDate
        WHERE
            BusinessWeek.StoreId=(SELECT StoreId FROM temp.POSHistoryEvent LIMIT 1) AND
            DATE(COALESCE(Latest.BusinessDate, CURRENT_DATE)) BETWEEN BusinessWeek.FromBusinessDate AND BusinessWeek.UntilBusinessDate
        ORDER BY businessDate;
    </Procedure>
    <Procedure name="businessWeekUpdate">
        UPDATE bocash.BusinessWeek
        SET
            Month=COALESCE(CAST(strftime('%m',:fromBusinessDate) AS INTEGER),Month),
            FromBusinessDate=COALESCE(DATE(:fromBusinessDate),FromBusinessDate),
            UntilBusinessDate=COALESCE(DATE(:untilBusinessDate),UntilBusinessDate)
        WHERE
            StoreId=CAST(COALESCE(:op_storeId,(SELECT KeyValue FROM storecfg.Configuration WHERE KeyPath='Store.Id' LIMIT 1),'0') AS INTEGER) AND
            Year=CAST(:year AS INTEGER) AND
            BusinessWeekNumber=CAST(:businessWeekNumber AS INTEGER);
            
        SELECT
            BusinessWeek.StoreId AS StoreId,
            BusinessWeek.Year AS Year,
            BusinessWeek.BusinessWeekNumber AS BusinessWeekNumber,
            BusinessWeek.Month AS Month,
            BusinessWeek.FromBusinessDate AS FromBusinessDate,
            UntilBusinessDate AS UntilBusinessDate
        FROM
            bocash.BusinessWeek BusinessWeek
        WHERE
            BusinessWeek.StoreId=CAST(COALESCE(:op_storeId,(SELECT KeyValue FROM storecfg.Configuration WHERE KeyPath='Store.Id' LIMIT 1),'0') AS INTEGER) AND
            BusinessWeek.Year=CAST(:year AS INTEGER) AND
            BusinessWeek.BusinessWeekNumber=CAST(:businessWeekNumber AS INTEGER);
    </Procedure>
	<Procedure name="drawerCountTemplateGet">
        SELECT
            DrawerCountTemplate.TenderType AS tenderType,
            DrawerCountTemplate.TenderSubType AS tenderSubType,
            DrawerCountTemplate.Description AS description,
            DrawerCountTemplate.CountingMethod AS countingMethod,
            CASE DrawerCountTemplate.CountingMethod 
                WHEN 0 THEN 'SUM_COUNTED_SUBTYPES'
                WHEN 1 THEN 'MUST_COUNT_SUBTYPES'
                WHEN 2 THEN 'USES_PROVIDED_AMOUNT'
                ELSE 'COUNT_METHOD_UNDEFINED'
            END AS countingMethodDescr,
            DrawerCountTemplate.FaceValue AS faceValue,
            DrawerCountTemplate.Status AS status,
            CASE DrawerCountTemplate.Status
                WHEN 1 THEN 'ENABLED'
                ELSE 'DISABLED'
            END AS statusDescr
        FROM
            bocash.DrawerCountTemplate DrawerCountTemplate;
    </Procedure>
    <Procedure name="drawerCountTemplateReset">
        DELETE FROM bocash.DrawerCountTemplate;
        INSERT INTO bocash.DrawerCountTemplate(TenderType,TenderSubType,Description,CountingMethod,FaceValue,Status)
        SELECT TenderType,TenderSubType,Description,CountingMethod,FaceValue,1
        FROM temp.TenderTypesView
        WHERE Country=COALESCE(:op_country,(SELECT KeyValue FROM storecfg.Configuration WHERE KeyPath='Store.Country' LIMIT 1),'us');
    </Procedure>
	<Procedure name="drawerCountTemplateAddOrUpdate">
        INSERT OR REPLACE INTO bocash.DrawerCountTemplate(TenderType,TenderSubType,Description,CountingMethod,FaceValue,Status)
        SELECT
            CAST(:tenderType AS INTEGER) AS TenderType,
            COALESCE(CAST(:tenderSubType AS INTEGER),0) AS TenderSubType,
            :description AS Description,
            CAST(:countingMethod AS INTEGER) AS CountingMethod,
            :op_faceValue AS FaceValue,
            CAST(:status AS INTEGER) AS Status;
            
        SELECT
            DrawerCountTemplate.TenderType AS tenderType,
            DrawerCountTemplate.TenderSubType AS tenderSubType,
            DrawerCountTemplate.Description AS description,
            DrawerCountTemplate.CountingMethod AS countingMethod,
            CASE DrawerCountTemplate.CountingMethod 
                WHEN 1 THEN 'DRAWER_MUST_COUNT'
                WHEN 2 THEN 'DRAWER_NO_COUNT_REQUIRED'
                ELSE 'DRAWER_COUNT_UNDEFINED'
            END AS countingMethodDescr,
            DrawerCountTemplate.FaceValue AS faceValue,
            DrawerCountTemplate.Status AS status,
            CASE DrawerCountTemplate.Status
                WHEN 1 THEN 'ENABLED'
                ELSE 'DISABLED'
            END AS statusDescr
        FROM
            bocash.DrawerCountTemplate DrawerCountTemplate
        WHERE
            DrawerCountTemplate.TenderType=CAST(:tenderType AS INTEGER) AND
            DrawerCountTemplate.TenderSubType=COALESCE(CAST(:tenderSubType AS INTEGER),0);
    </Procedure>
    <Procedure name="drawerCountTemplateRemove">
        DELETE FROM bocash.DrawerCountTemplate
        WHERE
            DrawerCountTemplate.TenderType=CAST(:tenderType AS INTEGER) AND
            DrawerCountTemplate.TenderSubType=COALESCE(CAST(:tenderSubType AS INTEGER),0);
    </Procedure>
    <Procedure name="businessDateGet">
        SELECT
            BusinessDate.StoreId AS storeId,
            BusinessDate.BusinessDate AS businessDate,
            BusinessDate.BusinessWeekNumber AS businessWeekNumber,
            BusinessDate.Year AS year,
            BusinessWeek.Month AS month,
            BusinessWeek.FromBusinessDate AS businessWeekStartDate,
            BusinessWeek.UntilBusinessDate AS businessWeekEndDate,
            DATE(BusinessDate.StartingDateTime,'localtime') AS openingDate,
            TIME(BusinessDate.StartingDateTime,'localtime') AS openingTime,
            DATE(BusinessDate.ClosingDateTime,'localtime') AS closingDate,
            TIME(BusinessDate.ClosingDateTime,'localtime') AS closingTime,
            BusinessDate.OpenedPOS AS openedPOS,
            BusinessDate.ClosedPOS AS closedPOS,
            CASE BusinessDate.Status
                WHEN 0 THEN 'CREATED'
                WHEN 1 THEN 'OPENED'
                WHEN 2 THEN 'CLOSED'
                ELSE 'UNDEFINED'
            END AS currentStatus
        FROM
            bocash.BusinessDate BusinessDate
        JOIN
            bocash.BusinessWeek BusinessWeek
            ON  BusinessWeek.StoreId=BusinessDate.StoreId AND
                BusinessWeek.Year=BusinessDate.Year AND
                BusinessWeek.BusinessWeekNumber=BusinessDate.BusinessWeekNumber
        WHERE
            BusinessDate.StoreId=CAST(COALESCE(:op_storeId,(SELECT KeyValue FROM storecfg.Configuration WHERE KeyPath='Store.Id' LIMIT 1),'0') AS INTEGER) AND
            BusinessDate.BusinessDate=DATE(:businessDate);
    </Procedure>
    <Procedure name="businessDateRemove">
        DELETE FROM bocash.CashTransactionDetails
        WHERE CashTransactionId IN (
              SELECT CashTransactionId FROM bocash.CashTransaction
              WHERE BusinessDate=:businessDate AND StoreId=:storeId AND POSId=:posId
        );
        DELETE FROM bocash.CashTransaction
        WHERE BusinessDate=:businessDate AND StoreId=:storeId AND POSId=:posId;
        DELETE FROM bocash.DrawerCountDetail
        WHERE _ROWID_ IN (
              SELECT DrawerCountDetail._ROWID_      
              FROM bocash.DrawerCountDetail DrawerCountDetail
              JOIN bocash.DrawerCount DrawerCount
              ON DrawerCount.DrawerCountId=DrawerCountDetail.DrawerCountId
              WHERE DrawerCount.BusinessDate=:businessDate AND DrawerCount.StoreId=:storeId AND DrawerCount.POSId=:posId
        );
        DELETE FROM bocash.DrawerCount 
        WHERE BusinessDate=:businessDate AND StoreId=:storeId AND POSId=:posId;
        DELETE FROM bocash.POSDrawerChange
        WHERE _ROWID_ IN (
              SELECT POSDrawerChange._ROWID_      
              FROM bocash.POSDrawerChange POSDrawerChange
              JOIN bocash.POSHistory POSHistory
              ON POSHistory.StoreId=POSDrawerChange.StoreId AND      
                 POSHistory.POSId=POSDrawerChange.POSId AND
                 POSHistory.EventDateTime=POSDrawerChange.EventDateTime AND         
                 POSHistory.EventType=POSDrawerChange.EventType         
              WHERE POSHistory.BusinessDate=:businessDate AND POSHistory.StoreId=:storeId AND POSHistory.POSId=:posId
        );
        UPDATE bocash.BusinessDate
        SET ClosedPOS=ClosedPOS-1
        WHERE BusinessDate=:businessDate AND ClosedPOS>0 AND EXISTS (
            SELECT 1 FROM bocash.POSHistory
            WHERE BusinessDate=:businessDate AND StoreId=:storeId AND POSId=:posId AND EventType=3
        );
        UPDATE bocash.BusinessDate
        SET OpenedPOS=OpenedPOS-1
        WHERE BusinessDate=:businessDate AND OpenedPOS>0 AND EXISTS (
            SELECT 1 FROM bocash.POSHistory
            WHERE BusinessDate=:businessDate AND StoreId=:storeId AND POSId=:posId AND EventType=1
        );
        DELETE FROM bocash.POSHistory
        WHERE BusinessDate=:businessDate AND StoreId=:storeId AND POSId=:posId;
        DELETE FROM bocash.BusinessDate
        WHERE BusinessDate=:businessDate AND OpenedPOS=0;
        INSERT OR REPLACE INTO bocash.StorePOSConfig(StoreId,POSId,InitialWeekDay,Status,BusinessDate,LastOpenedTimestamp,LastClosedTimestamp)
        SELECT 
               StorePOSConfig.StoreId AS StoreId,
               StorePOSConfig.POSId AS POSId,
               StorePOSConfig.InitialWeekDay AS InitialWeekDay,
               CASE WHEN POSLastClosed.EventDateTime IS NOT NULL OR POSLastOpened.BusinessDate IS NULL
                 THEN 0
                 ELSE 1
               END AS Status,
               COALESCE(POSLastOpened.BusinessDate,DATE(:businessDate,'-1 DAY')) AS BusinessDate,
               POSLastOpened.EventDateTime AS LastOpenedTimestamp,
               POSLastClosed.EventDateTime AS LastClosedTimestamp
        FROM bocash.StorePOSConfig StorePOSConfig
        LEFT JOIN (
             SELECT 
                    POSHistory.StoreId AS StoreId, 
                    POSHistory.POSId AS POSId,
                    POSHistory.BusinessDate AS BusinessDate, 
                    MAX(POSHistory.EventDateTime) AS EventDateTime 
             FROM bocash.POSHistory POSHistory
             WHERE POSHistory.StoreId=:storeId AND POSHistory.POSId=:posId AND POSHistory.EventType=1
        ) POSLastOpened 
        ON POSLastOpened.StoreId=StorePOSConfig.StoreId AND POSLastOpened.POSId=StorePOSConfig.POSId   
        LEFT JOIN (
             SELECT 
                    POSHistory.StoreId AS StoreId, 
                    POSHistory.POSId AS POSId,
                    POSHistory.BusinessDate AS BusinessDate, 
                    MAX(POSHistory.EventDateTime) AS EventDateTime 
             FROM bocash.POSHistory POSHistory
             WHERE POSHistory.StoreId=:storeId AND POSHistory.POSId=:posId AND POSHistory.EventType=3
        ) POSLastClosed 
        ON POSLastClosed.StoreId=StorePOSConfig.StoreId AND POSLastClosed.POSId=StorePOSConfig.POSId   
        WHERE StorePOSConfig.StoreId=:storeId AND StorePOSConfig.POSId=:posId;
    </Procedure>
    <Procedure name="businessDateAdd">
        DELETE FROM bocash.Migration;
        
        INSERT INTO bocash.BusinessDate(StoreId,BusinessDate,BusinessWeekNumber,Year,Status,StartingDateTime,ClosingDateTime,OpenedPOS,ClosedPOS)
        SELECT
            (SELECT KeyValue FROM storecfg.Configuration WHERE KeyPath='Store.Id' LIMIT 1) AS StoreId,
            BusinessDays.Id AS BusinessDate,
            BusinessWeek.BusinessWeekNumber AS BusinessWeekNumber,
            BusinessWeek.Year AS Year,
            CASE WHEN LENGTH(CAST(:status AS INTEGER))==LENGTH(:status) 
                THEN CAST(:status AS INTEGER)
                ELSE CASE :status
                    WHEN 'CREATED' THEN 0
                    WHEN 'OPENED' THEN 1
                    ELSE 2
                END 
            END AS Status,
            CURRENT_TIMESTAMP AS StartingDateTime,
            CURRENT_TIMESTAMP AS ClosingDateTime,
            0 AS OpenedPOS,
            0 AS ClosedPOS
        FROM
            temp.PreparedStringTable BusinessDays
        LEFT JOIN
            bocash.BusinessWeek BusinessWeek
            ON DATE(BusinessDays.Id) BETWEEN BusinessWeek.FromBusinessDate AND BusinessWeek.UntilBusinessDate
        WHERE
            BusinessWeek.StoreId=(SELECT KeyValue FROM storecfg.Configuration WHERE KeyPath='Store.Id' LIMIT 1);
            
        INSERT INTO bocash.Migration(TriggersEnabled) VALUES(1);
    </Procedure>
    <Procedure name="forceCurrentPeriodClose">
        DELETE FROM bocash.Migration;

        DELETE FROM temp.POSHistoryEvent;
        INSERT INTO temp.POSHistoryEvent(StoreId, POSId, BusinessDate, EventDateTime)
        SELECT
            T1.StoreId,
            CAST(:posId AS INTEGER),
            T1.BusinessDate,
            CURRENT_TIMESTAMP
        FROM (
            SELECT
                BW.StoreId AS StoreId,
                BW.BusinessWeekNumber AS BusinessWeekNumber,
                BD.BusinessDate AS BusinessDate,
                CASE 
                    WHEN BD.BusinessDate=BW.UntilBusinessDate AND EXISTS (SELECT 1 FROM boreport.Workbook WHERE ToDate=BD.BusinessDate) THEN 0
                    WHEN BD.BusinessDate=BW.UntilBusinessDate AND NOT EXISTS (SELECT 1 FROM boreport.Workbook WHERE ToDate=BD.BusinessDate) THEN 2 
                    WHEN BD.BusinessDate!=BW.UntilBusinessDate AND BD.Status!=2 THEN 0
                    ELSE 1
                END AS Flag,
                BD.Status AS Status
            FROM
                bocash.BusinessWeek BW
            JOIN
                bocash.BusinessDate BD 
                ON BD.StoreId=BW.StoreId AND BD.BusinessDate BETWEEN BW.FromBusinessDate AND BW.UntilBusinessDate
            WHERE
                BW.StoreId=CAST(COALESCE(:op_storeId,(SELECT KeyValue FROM storecfg.Configuration WHERE KeyPath='Store.Id' LIMIT 1),'0') AS INTEGER) AND
                BD.BusinessDate>=COALESCE((SELECT MAX(ToDate) FROM boreport.Workbook WHERE StoreId=CAST(COALESCE(:op_storeId,(SELECT KeyValue FROM storecfg.Configuration WHERE KeyPath='Store.Id' LIMIT 1),'0') AS INTEGER)),DATE('1970-01-01'))
            ORDER BY Flag DESC, Status DESC, BusinessDate
            LIMIT 1
        ) T1;
        
        INSERT INTO bocash.BusinessDate(StoreId,BusinessDate,BusinessWeekNumber,Year,Status,StartingDateTime,ClosingDateTime,ClosedPOS,OpenedPOS)
        SELECT
            CurrentWeekDays.StoreId AS StoreId,
            CurrentWeekDays.BusinessDate AS BusinessDate,
            CurrentWeekDays.BusinessWeekNumber AS BusinessWeekNumber,
            CurrentWeekDays.Year AS Year,
            2 AS Status,
            CurrentWeekDays.EventDateTime AS StartingDateTime,
            CurrentWeekDays.EventDateTime AS ClosingDateTime,
            0 AS ClosedPOS,
            0 AS OpenedPOS
        FROM (
            SELECT BusinessWeek.StoreId AS StoreId, DATE(BusinessWeek.FromBusinessDate) AS BusinessDate, BusinessWeek.BusinessWeekNumber AS BusinessWeekNumber, BusinessWeek.Year AS Year, POSHistoryEvent.EventDateTime AS EventDateTime
            FROM temp.POSHistoryEvent POSHistoryEvent
            JOIN bocash.BusinessWeek
              ON POSHistoryEvent.BusinessDate BETWEEN BusinessWeek.FromBusinessDate AND BusinessWeek.UntilBusinessDate
             AND BusinessWeek.StoreId=(SELECT KeyValue FROM storecfg.Configuration WHERE KeyPath='Store.Id' LIMIT 1)
            UNION ALL
            SELECT BusinessWeek.StoreId AS StoreId, DATE(BusinessWeek.FromBusinessDate,'+1 DAY') AS BusinessDate, BusinessWeek.BusinessWeekNumber AS BusinessWeekNumber, BusinessWeek.Year AS Year, POSHistoryEvent.EventDateTime AS EventDateTime
            FROM temp.POSHistoryEvent POSHistoryEvent
            JOIN bocash.BusinessWeek
              ON POSHistoryEvent.BusinessDate BETWEEN BusinessWeek.FromBusinessDate AND BusinessWeek.UntilBusinessDate
             AND BusinessWeek.StoreId=(SELECT KeyValue FROM storecfg.Configuration WHERE KeyPath='Store.Id' LIMIT 1)
            UNION ALL
            SELECT BusinessWeek.StoreId AS StoreId, DATE(BusinessWeek.FromBusinessDate,'+2 DAY') AS BusinessDate, BusinessWeek.BusinessWeekNumber AS BusinessWeekNumber, BusinessWeek.Year AS Year, POSHistoryEvent.EventDateTime AS EventDateTime
            FROM temp.POSHistoryEvent POSHistoryEvent
            JOIN bocash.BusinessWeek
              ON POSHistoryEvent.BusinessDate BETWEEN BusinessWeek.FromBusinessDate AND BusinessWeek.UntilBusinessDate
             AND BusinessWeek.StoreId=(SELECT KeyValue FROM storecfg.Configuration WHERE KeyPath='Store.Id' LIMIT 1)
            UNION ALL
            SELECT BusinessWeek.StoreId AS StoreId, DATE(BusinessWeek.FromBusinessDate,'+3 DAY') AS BusinessDate, BusinessWeek.BusinessWeekNumber AS BusinessWeekNumber, BusinessWeek.Year AS Year, POSHistoryEvent.EventDateTime AS EventDateTime
            FROM temp.POSHistoryEvent POSHistoryEvent
            JOIN bocash.BusinessWeek
              ON POSHistoryEvent.BusinessDate BETWEEN BusinessWeek.FromBusinessDate AND BusinessWeek.UntilBusinessDate
             AND BusinessWeek.StoreId=(SELECT KeyValue FROM storecfg.Configuration WHERE KeyPath='Store.Id' LIMIT 1)
            UNION ALL
            SELECT BusinessWeek.StoreId AS StoreId, DATE(BusinessWeek.FromBusinessDate,'+4 DAY') AS BusinessDate, BusinessWeek.BusinessWeekNumber AS BusinessWeekNumber, BusinessWeek.Year AS Year, POSHistoryEvent.EventDateTime AS EventDateTime
            FROM temp.POSHistoryEvent POSHistoryEvent
            JOIN bocash.BusinessWeek
              ON POSHistoryEvent.BusinessDate BETWEEN BusinessWeek.FromBusinessDate AND BusinessWeek.UntilBusinessDate
             AND BusinessWeek.StoreId=(SELECT KeyValue FROM storecfg.Configuration WHERE KeyPath='Store.Id' LIMIT 1)
            UNION ALL
            SELECT BusinessWeek.StoreId AS StoreId, DATE(BusinessWeek.FromBusinessDate,'+5 DAY') AS BusinessDate, BusinessWeek.BusinessWeekNumber AS BusinessWeekNumber, BusinessWeek.Year AS Year, POSHistoryEvent.EventDateTime AS EventDateTime
            FROM temp.POSHistoryEvent POSHistoryEvent
            JOIN bocash.BusinessWeek
              ON POSHistoryEvent.BusinessDate BETWEEN BusinessWeek.FromBusinessDate AND BusinessWeek.UntilBusinessDate
             AND BusinessWeek.StoreId=(SELECT KeyValue FROM storecfg.Configuration WHERE KeyPath='Store.Id' LIMIT 1)
            UNION ALL
            SELECT BusinessWeek.StoreId AS StoreId, DATE(BusinessWeek.FromBusinessDate,'+6 DAY') AS BusinessDate, BusinessWeek.BusinessWeekNumber AS BusinessWeekNumber, BusinessWeek.Year AS Year, POSHistoryEvent.EventDateTime AS EventDateTime
            FROM temp.POSHistoryEvent POSHistoryEvent
            JOIN bocash.BusinessWeek
              ON POSHistoryEvent.BusinessDate BETWEEN BusinessWeek.FromBusinessDate AND BusinessWeek.UntilBusinessDate
             AND BusinessWeek.StoreId=(SELECT KeyValue FROM storecfg.Configuration WHERE KeyPath='Store.Id' LIMIT 1)
        )   CurrentWeekDays
        LEFT JOIN
            bocash.BusinessDate BusinessDate
            ON BusinessDate.StoreId=CurrentWeekDays.StoreId
           AND BusinessDate.BusinessDate=CurrentWeekDays.BusinessDate
        WHERE
            BusinessDate.BusinessDate IS NULL;
            
        INSERT INTO bocash.POSHistory(POSId,StoreId,EventDateTime,EventType,BusinessDate,SessionId,OperatorId,TotalAmount)
        SELECT
            POSHistoryEvent.POSId AS POSId,
            POSHistoryEvent.StoreId AS StoreId,
            (BusinessDate.BusinessDate||' '||TIME(POSHistoryEvent.EventDateTime)) AS EventDateTime,
            3 AS EventType,
            BusinessDate.BusinessDate AS BusinessDate,
            NULL AS SessionId,
            NULL AS OperatorId,
            '0.00' AS TotalAmount
        FROM
            temp.POSHistoryEvent POSHistoryEvent
        JOIN bocash.BusinessWeek BusinessWeek
          ON POSHistoryEvent.BusinessDate BETWEEN BusinessWeek.FromBusinessDate AND BusinessWeek.UntilBusinessDate
         AND BusinessWeek.StoreId=POSHistoryEvent.StoreId
        JOIN bocash.BusinessDate BusinessDate
          ON BusinessDate.StoreId=BusinessWeek.StoreId
         AND BusinessDate.BusinessWeekNumber=BusinessWeek.BusinessWeekNumber
        WHERE
            BusinessDate.Status=2 AND 
            BusinessDate.OpenedPOS=0 AND 
            BusinessDate.ClosedPOS=0 AND
            BusinessDate.StartingDateTime=POSHistoryEvent.EventDateTime AND
            BusinessDate.ClosingDateTime=POSHistoryEvent.EventDateTime;
            
        DELETE FROM temp.LastCashTransaction;
        INSERT INTO temp.LastCashTransaction(Id) 
        SELECT MAX(CashTransactionId) FROM bocash.CashTransaction;
        
        INSERT INTO bocash.CashTransaction(StoreId,BusinessDate,CashTType,POSId,EventDateTime,EventType,OperatorId,Description,Amount)
        SELECT
            POSHistoryEvent.StoreId AS StoreId,
            BusinessDate.BusinessDate AS BusinessDate,
            3 AS CashTType,
            POSHistoryEvent.POSId AS POSId,
            (BusinessDate.BusinessDate||' '||TIME(POSHistoryEvent.EventDateTime)) AS EventDateTime,
            3 AS EventType,
            NULL AS OperatorId,
            ('Forced close for business date '||BusinessDate.BusinessDate) AS Description,
            '0.00' AS Amount
        FROM
            temp.POSHistoryEvent POSHistoryEvent
        JOIN bocash.BusinessWeek BusinessWeek
          ON POSHistoryEvent.BusinessDate BETWEEN BusinessWeek.FromBusinessDate AND BusinessWeek.UntilBusinessDate
         AND BusinessWeek.StoreId=POSHistoryEvent.StoreId
        JOIN bocash.BusinessDate BusinessDate
          ON BusinessDate.StoreId=BusinessWeek.StoreId
         AND BusinessDate.BusinessWeekNumber=BusinessWeek.BusinessWeekNumber
        WHERE
            BusinessDate.Status=2 AND 
            BusinessDate.OpenedPOS=0 AND 
            BusinessDate.ClosedPOS=0 AND
            BusinessDate.StartingDateTime=POSHistoryEvent.EventDateTime AND
            BusinessDate.ClosingDateTime=POSHistoryEvent.EventDateTime;
            
        SELECT SUM(1) AS numOfDaysClosed
        FROM bocash.CashTransaction CashTransaction
        WHERE CashTransaction.CashTransactionId>(SELECT Id FROM temp.LastCashTransaction);
                
        INSERT INTO bocash.Migration(TriggersEnabled) VALUES(1);
    </Procedure>
    <Procedure name="posDayOpen">
        INSERT INTO bocash.StorePOSConfig(StoreId,POSId,InitialWeekDay,Status,BusinessDate)
        SELECT
            CAST(COALESCE(:op_storeId,(SELECT KeyValue FROM storecfg.Configuration WHERE KeyPath='Store.Id' LIMIT 1),'0') AS INTEGER) AS StoreId,
            CAST(:posId AS INTEGER) AS POSId,
            COALESCE((SELECT KeyValue FROM storecfg.Configuration WHERE KeyPath='BackOffice.initialWeekDay' LIMIT 1),CAST(:op_initialWeekDay AS INTEGER),3) AS InitialWeekDay,
            0 AS Status,
            DATE(:businessDate) AS BusinessDate
        WHERE NOT EXISTS (
            SELECT 1
            FROM bocash.StorePOSConfig
            WHERE StoreId=CAST(COALESCE(:op_storeId,(SELECT KeyValue FROM storecfg.Configuration WHERE KeyPath='Store.Id' LIMIT 1),'0') AS INTEGER) AND POSId=CAST(:posId AS INTEGER)
        );
        
        UPDATE bocash.StorePOSConfig
        SET
            BusinessDate=DATE(:businessDate),
            LastOpenedTimestamp=DATETIME(:op_eventDate||' '||:op_eventTime),
            Status=1
        WHERE
            StoreId=CAST(COALESCE(:op_storeId,(SELECT KeyValue FROM storecfg.Configuration WHERE KeyPath='Store.Id' LIMIT 1),'0') AS INTEGER) AND 
            POSId=CAST(:posId AS INTEGER);
        
        INSERT INTO bocash.POSHistory(POSId,StoreId,EventDateTime,EventType,BusinessDate,SessionId,OperatorId,TotalAmount)
        SELECT
            CAST(:posId AS INTEGER) AS POSId,
            CAST(COALESCE(:op_storeId,(SELECT KeyValue FROM storecfg.Configuration WHERE KeyPath='Store.Id' LIMIT 1),'0') AS INTEGER) AS StoreId,
            COALESCE(DATETIME(:op_eventDate||' '||:op_eventTime,'utc'),CURRENT_TIMESTAMP) AS EventDateTime,
            1 AS EventType,
            DATE(:businessDate) AS BusinessDate,
            :op_sessionId AS SessionId,
            CAST(:op_operatorId AS INTEGER) AS OperatorId,
            COALESCE(:op_drawerAmount,'0.00') AS TotalAmount
        WHERE EXISTS (
            SELECT 1
            FROM bocash.StorePOSConfig
            WHERE 
                StoreId=CAST(COALESCE(:op_storeId,(SELECT KeyValue FROM storecfg.Configuration WHERE KeyPath='Store.Id' LIMIT 1),'0') AS INTEGER) AND 
                POSId=CAST(:posId AS INTEGER) AND Status=1
        );
    </Procedure>
    <Procedure name="posDayClose">
        DELETE FROM temp.POSHistoryEvent;
        INSERT INTO temp.POSHistoryEvent(StoreId,POSId,EventDateTime,BusinessDate)
        SELECT
            CAST(COALESCE(:op_storeId,(SELECT KeyValue FROM storecfg.Configuration WHERE KeyPath='Store.Id' LIMIT 1),'0') AS INTEGER) AS StoreId,
            CAST(:posId AS INTEGER) AS POSId,
            COALESCE(DATETIME(:op_eventDate||' '||:op_eventTime,'utc'), CURRENT_TIMESTAMP) AS EventDateTime,
            DATE(:businessDate) AS BusinessDate;

        UPDATE bocash.StorePOSConfig
        SET
            BusinessDate=DATE(:businessDate),
            LastClosedTimestamp=DATETIME(:op_eventDate||' '||:op_eventTime),
            LastClosingGT=:op_closingGT,
            Status=0
        WHERE
            StoreId=CAST(COALESCE(:op_storeId,(SELECT KeyValue FROM storecfg.Configuration WHERE KeyPath='Store.Id' LIMIT 1),'0') AS INTEGER) AND
            POSId=CAST(:posId AS INTEGER);
        
        INSERT INTO bocash.POSHistory(POSId,StoreId,EventDateTime,EventType,BusinessDate,SessionId,OperatorId,TotalAmount)
        SELECT
            POSHistoryEvent.POSId AS POSId,
            POSHistoryEvent.StoreId AS StoreId,
            POSHistoryEvent.EventDateTime AS EventDateTime,
            3 AS EventType,
            POSHistoryEvent.BusinessDate AS BusinessDate,
            :op_sessionId AS SessionId,
            CAST(:op_operatorId AS INTEGER) AS OperatorId,
            COALESCE(:op_drawerAmount,'0.00') AS TotalAmount
        FROM
            temp.POSHistoryEvent POSHistoryEvent
        WHERE EXISTS (
            SELECT 1
            FROM bocash.StorePOSConfig
            WHERE 
                StoreId=CAST(COALESCE(:op_storeId,(SELECT KeyValue FROM storecfg.Configuration WHERE KeyPath='Store.Id' LIMIT 1),'0') AS INTEGER) AND 
                POSId=CAST(:posId AS INTEGER) AND 
                Status=0
        );
        
        INSERT INTO bocash.CashTransaction(StoreId,BusinessDate,CashTType,POSId,EventDateTime,EventType,OperatorId,Description,Amount)
        SELECT
            POSHistoryEvent.StoreId AS StoreId,
            POSHistoryEvent.BusinessDate AS BusinessDate,
            3 AS CashTType,
            POSHistoryEvent.POSId AS POSId,
            POSHistoryEvent.EventDateTime AS EventDateTime,
            3 AS EventType,
            CAST(:op_operatorId AS INTEGER) AS OperatorId,
            ('POS '||POSHistoryEvent.POSId||' day close on business date '||POSHistoryEvent.BusinessDate) AS Description,
            COALESCE(:op_drawerAmount,'0.00') AS Amount
        FROM
            temp.POSHistoryEvent POSHistoryEvent
        JOIN
            bocash.POSHistory POSHistory
            ON  POSHistory.StoreId=POSHistoryEvent.StoreId AND
                POSHistory.POSId=POSHistoryEvent.POSId AND
                POSHistory.EventDateTime=POSHistoryEvent.EventDateTime AND
                POSHistory.EventType=3;
                
        INSERT INTO bocash.CashTransactionDetails(CashTransactionId,ParamName,ParamValue)
        SELECT
            CashTransaction.CashTransactionId AS CashTransactionId,
            ('{"DetailId": "'||Details.DetailId||'", "DetailDescription": "'||Details.DetailDescr||'"}') AS ParamName,
            Details.DetailData AS ParamValue
        FROM
            bocash.CashTransaction CashTransaction, (
                SELECT
                    JSONGet('DetailId',PreparedStringTable.id) AS DetailId,
                    JSONGet('DetailDescription',PreparedStringTable.id) AS DetailDescr,
                    JSONGet('DetailData',PreparedStringTable.id) AS DetailData
                FROM
                    temp.PreparedStringTable PreparedStringTable
            ) Details
        WHERE
            CashTransactionId=(
                SELECT
                    MAX(CashTransaction.CashTransactionId) AS CashTransactionId
                FROM
                    bocash.CashTransaction CashTransaction
                JOIN
                    temp.POSHistoryEvent POSHistoryEvent
                    ON  POSHistoryEvent.StoreId=CashTransaction.StoreId AND
                        POSHistoryEvent.POSId=CashTransaction.POSId AND
                        POSHistoryEvent.EventDateTime=CashTransaction.EventDateTime AND
                        POSHistoryEvent.BusinessDate=CashTransaction.BusinessDate
                WHERE
                    CashTransaction.CashTType=3
            );

        SELECT
            MAX(CashTransaction.CashTransactionId) AS CashTransactionId
        FROM
            bocash.CashTransaction CashTransaction
        JOIN
            temp.POSHistoryEvent POSHistoryEvent
            ON  POSHistoryEvent.StoreId=CashTransaction.StoreId AND
                POSHistoryEvent.POSId=CashTransaction.POSId AND
                POSHistoryEvent.EventDateTime=CashTransaction.EventDateTime AND
                POSHistoryEvent.BusinessDate=CashTransaction.BusinessDate
        WHERE
            CashTransaction.CashTType=3;
    </Procedure>
    <Procedure name="posSkim">
        INSERT INTO bocash.POSHistory(POSId,StoreId,EventDateTime,EventType,BusinessDate,SessionId,OperatorId,TenderType,TenderSubType,TotalAmount)
        SELECT
            CAST(:posId AS INTEGER) AS POSId,
            CAST(COALESCE(:op_storeId,(SELECT KeyValue FROM storecfg.Configuration WHERE KeyPath='Store.Id' LIMIT 1),'0') AS INTEGER) AS StoreId,
            COALESCE(DATETIME(:op_eventDate||' '||:op_eventTime,'utc'),CURRENT_TIMESTAMP) AS EventDateTime,
            5 AS EventType,
            DATE(:businessDate) AS BusinessDate,
            :sessionId AS SessionId,
            CAST(:operatorId AS INTEGER) AS OperatorId,
            CAST(:tenderType AS INTEGER) AS TenderType,
            COALESCE(CAST(:op_tenderSubType AS INTEGER),0) AS TenderSubType,
            :skimAmount AS TotalAmount
        WHERE EXISTS (
            SELECT 1
            FROM bocash.StorePOSConfig
            WHERE 
                StoreId=CAST(COALESCE(:op_storeId,(SELECT KeyValue FROM storecfg.Configuration WHERE KeyPath='Store.Id' LIMIT 1),'0') AS INTEGER) AND 
                POSId=CAST(:posId AS INTEGER)
        );
    </Procedure>
    <Procedure name="posDrawerChange">
        -- Reset temporary POS history parameters
        DELETE FROM temp.POSHistoryEvent;
        INSERT INTO temp.POSHistoryEvent(StoreId,POSId,EventDateTime,BusinessDate,LastDrawerCountId)
        SELECT
            CAST(COALESCE(:op_storeId,(SELECT KeyValue FROM storecfg.Configuration WHERE KeyPath='Store.Id' LIMIT 1),'0') AS INTEGER) AS StoreId,
            CAST(:posId AS INTEGER) AS POSId,
            COALESCE(DATETIME(:op_eventDate||' '||:op_eventTime,'utc'), CURRENT_TIMESTAMP) AS EventDateTime,
            DATE(:businessDate) AS BusinessDate,
            (
                SELECT
                    MAX(DrawerCountId)
                FROM
                    bocash.DrawerCount DrawerCount
                WHERE
                    DrawerCount.StoreId=CAST(COALESCE(:op_storeId,(SELECT KeyValue FROM storecfg.Configuration WHERE KeyPath='Store.Id' LIMIT 1),'0') AS INTEGER) AND
                    DrawerCount.POSId=CAST(:posId AS INTEGER) AND
                    DrawerCount.BusinessDate=DATE(:businessDate) AND
                    DrawerCount.EventType=2
            ) AS LastDrawerCountId;

        -- Register the POS event in the events history
        INSERT INTO bocash.POSHistory(POSId,StoreId,EventDateTime,EventType,BusinessDate,SessionId,OperatorId,TotalAmount,TotalTransferOut,TotalSkim,TotalInitial,TotalCashSkim,TotalCreditSkim,TotalOtherSkim)
        SELECT
            StorePOSConfig.POSId AS POSId,
            StorePOSConfig.StoreId AS StoreId,
            POSHistoryEvent.EventDateTime AS EventDateTime,
            2 AS EventType,
            StorePOSConfig.BusinessDate AS BusinessDate,
            :sessionId AS SessionId,
            CAST(:operatorId AS INTEGER) AS OperatorId,
            COALESCE(:op_totalAmount,'0.00') AS TotalAmount,
            COALESCE(:op_totTout,'0.00') AS TotalTransferOut,
            COALESCE(:op_totSkim,'0.00') AS TotalSkim,
            COALESCE(:op_totInitial,'0.00') AS TotalInitial,
            COALESCE(:op_totCashSkim,'0.00') AS TotalCashSkim,
            COALESCE(:op_totCredSkim,'0.00') AS TotalCreditSkim,
            COALESCE(:op_totOtherSkim,'0.00') AS TotalOtherSkim
        FROM
            bocash.StorePOSConfig StorePOSConfig
        JOIN
            temp.POSHistoryEvent POSHistoryEvent
            ON  POSHistoryEvent.StoreId=StorePOSConfig.StoreId AND
                POSHistoryEvent.POSId=StorePOSConfig.POSId AND
                POSHistoryEvent.BusinessDate=StorePOSConfig.BusinessDate         
        WHERE
            StorePOSConfig.Status=1;
        
        -- Adds the event properties
        INSERT INTO bocash.POSDrawerChange(StoreId,POSId,EventDateTime,EventType,TenderType,TenderSubType,ComputedAmount,TransactionCount)
        SELECT
            POSCashDrawerData.StoreId AS StoreId,
            POSCashDrawerData.POSId AS POSId,
            POSCashDrawerData.EventDateTime AS EventDateTime,
            2 AS EventType,
            POSCashDrawerData.TenderType AS TenderType,
            POSCashDrawerData.TenderSubType AS TenderSubType,
            POSCashDrawerData.ComputedAmount AS ComputedAmount,
            POSCashDrawerData.TransactionCount AS TransactionCount
        FROM
            (
                SELECT
                    POSHistoryEvent.StoreId AS StoreId,
                    POSHistoryEvent.POSId AS POSId,
                    POSHistoryEvent.EventDateTime AS EventDateTime,
                    POSHistoryEvent.BusinessDate AS BusinessDate,
                    CAST(JSONGet('TenderType',PreparedStringTable.id) AS INTEGER) AS TenderType,
                    CAST(COALESCE(JSONGet('TenderSubType',PreparedStringTable.id),'0') AS INTEGER) AS TenderSubType,
                    COALESCE(JSONGet('ComputedAmount',PreparedStringTable.id),'0.00') AS ComputedAmount,
                    CAST(COALESCE(JSONGet('TransactionCount',PreparedStringTable.id),'0') AS INTEGER) AS TransactionCount
                FROM
                    temp.POSHistoryEvent POSHistoryEvent,
                    temp.PreparedStringTable PreparedStringTable
            )   POSCashDrawerData
        JOIN
            bocash.StorePOSConfig StorePOSConfig
            ON  StorePOSConfig.StoreId=POSCashDrawerData.StoreId AND
                StorePOSConfig.POSId=POSCashDrawerData.POSId AND
                StorePOSConfig.BusinessDate=POSCashDrawerData.BusinessDate
        WHERE
            StorePOSConfig.Status=1;
        
        -- If the total amount for the event was not provided, set it as the sum of all amounts reported in the properties
        UPDATE bocash.POSHistory
        SET
            TotalAmount=(
                SELECT
                    tdsum(COALESCE(POSDrawerChange.ComputedAmount,0),2,5)
                FROM
                    temp.POSHistoryEvent POSHistoryEvent
                JOIN
                    bocash.StorePOSConfig StorePOSConfig
                    ON  StorePOSConfig.StoreId=POSHistoryEvent.StoreId AND
                        StorePOSConfig.POSId=POSHistoryEvent.POSId AND
                        StorePOSConfig.BusinessDate=POSHistoryEvent.BusinessDate
                LEFT JOIN
                    bocash.POSDrawerChange POSDrawerChange
                    ON  POSDrawerChange.StoreId=POSHistoryEvent.StoreId AND
                        POSDrawerChange.POSId=POSHistoryEvent.POSId AND
                        POSDrawerChange.EventDateTime=POSHistoryEvent.EventDateTime
                WHERE
                    StorePOSConfig.Status=1
            )
        WHERE
            _ROWID_ = (
                SELECT
                    POSHistory._ROWID_
                FROM
                    temp.POSHistoryEvent POSHistoryEvent
                JOIN
                    bocash.POSHistory POSHistory
                    ON  POSHistory.StoreId=POSHistoryEvent.StoreId AND
                        POSHistory.POSId=POSHistoryEvent.POSId AND
                        POSHistory.EventDateTime=POSHistoryEvent.EventDateTime AND
                        POSHistory.BusinessDate=POSHistoryEvent.BusinessDate
                WHERE
                    POSHistory.EventType=2
                LIMIT 1
            ) AND
            :op_totalAmount IS NULL;

        -- Open a drawer count record
        INSERT INTO bocash.DrawerCount(StoreId,POSId,BusinessDate,EventDateTime,EventType,ManagerId,TotalComputedAmount)
        SELECT
            POSHistoryEvent.StoreId AS StoreId,
            POSHistoryEvent.POSId AS POSId,
            POSHistoryEvent.BusinessDate AS BusinessDate,
            POSHistoryEvent.EventDateTime AS EventDateTime,
            2 AS EventType,
            -1 AS ManagerId,
            tdsum(COALESCE(POSDrawerChange.ComputedAmount,0),2,5) AS ComputedAmount
        FROM
            temp.POSHistoryEvent POSHistoryEvent
        JOIN
            bocash.StorePOSConfig StorePOSConfig
            ON  StorePOSConfig.StoreId=POSHistoryEvent.StoreId AND
                StorePOSConfig.POSId=POSHistoryEvent.POSId AND
                StorePOSConfig.BusinessDate=POSHistoryEvent.BusinessDate
        LEFT JOIN
            bocash.POSDrawerChange POSDrawerChange
            ON  POSDrawerChange.StoreId=POSHistoryEvent.StoreId AND
                POSDrawerChange.POSId=POSHistoryEvent.POSId AND
                POSDrawerChange.EventDateTime=POSHistoryEvent.EventDateTime
        WHERE
            StorePOSConfig.Status=1;
        
        -- Saves the new POS cash drawer count transaction identification to be used later
        UPDATE temp.POSHistoryEvent
        SET
            NewDrawerCountId=(
                SELECT
                    MAX(DrawerCount.DrawerCountId) AS drawerCountId
                FROM
                    bocash.DrawerCount DrawerCount
                JOIN
                    temp.POSHistoryEvent POSHistoryEvent
                    ON  POSHistoryEvent.StoreId=DrawerCount.StoreId AND
                        POSHistoryEvent.POSId=DrawerCount.POSId AND
                        POSHistoryEvent.EventDateTime=DrawerCount.EventDateTime AND
                        POSHistoryEvent.BusinessDate=DrawerCount.BusinessDate
                WHERE
                    DrawerCount.DrawerCountId&gt;COALESCE(POSHistoryEvent.LastDrawerCountId,-1)
            );
        
        -- Adds the Cash Transaction record with a new cash drawer POS event
        INSERT INTO bocash.CashTransaction(StoreId,BusinessDate,CashTType,POSId,EventDateTime,EventType,DrawerCountId,OperatorId,Description,Amount)
        SELECT
            POSHistory.StoreId AS StoreId,
            POSHistory.BusinessDate AS BusinessDate,
            1 AS CashTType,
            POSHistory.POSId AS POSId,
            POSHistory.EventDateTime AS EventDateTime,
            2 AS EventType,
            POSHistoryEvent.NewDrawerCountId AS DrawerCountId,
            POSHistory.OperatorId AS OperatorId,
            ('POS '||POSHistory.POSId||
            ' drawer change on '||DATE(POSHistory.EventDateTime,'localtime')||
            ' '||TIME(POSHistory.EventDateTime,'localtime')||
            ' -> drawer count id: '||POSHistoryEvent.NewDrawerCountId) AS Description,
            POSHistory.TotalAmount AS Amount
        FROM
            bocash.POSHistory POSHistory
        JOIN
            temp.POSHistoryEvent POSHistoryEvent
            ON  POSHistoryEvent.StoreId=POSHistory.StoreId AND
                POSHistoryEvent.POSId=POSHistory.POSId AND
                POSHistoryEvent.EventDateTime=POSHistory.EventDateTime AND
                POSHistoryEvent.BusinessDate=POSHistory.BusinessDate
        WHERE
            POSHistory.EventType=2 AND
            COALESCE(POSHistoryEvent.NewDrawerCountId,0)>0;
        
        -- Set the Cash Transaction parameters
        INSERT INTO bocash.CashTransactionDetails(CashTransactionId,ParamName,ParamValue)
        SELECT
            CashTransaction.CashTransactionId AS CashTransactionId,
            ('{"TenderType": "'||POSDrawerChange.TenderType||'", "TenderSubType": "'||POSDrawerChange.TenderSubType||'", "TenderDescription": "'||DrawerCountTemplate.Description||'"}') AS ParamName,
            ('{"ComputedAmount": "'||POSDrawerChange.ComputedAmount||'", "TransactionCount": "'||POSDrawerChange.TransactionCount||'"}') AS ParamValue
        FROM
            bocash.CashTransaction CashTransaction
        JOIN
            bocash.POSDrawerChange POSDrawerChange
            ON  POSDrawerChange.StoreId=CashTransaction.StoreId AND
                POSDrawerChange.POSId=CashTransaction.POSId AND
                POSDrawerChange.EventDateTime=CashTransaction.EventDateTime
        JOIN
            bocash.DrawerCountTemplate DrawerCountTemplate
            ON  DrawerCountTemplate.TenderType=POSDrawerChange.TenderType AND
                DrawerCountTemplate.TenderSubType=POSDrawerChange.TenderSubType
        WHERE
            CashTransactionId=(
                SELECT
                    MAX(CashTransaction.CashTransactionId) AS CashTransactionId
                FROM
                    bocash.CashTransaction CashTransaction
                JOIN
                    temp.POSHistoryEvent POSHistoryEvent
                    ON  POSHistoryEvent.StoreId=CashTransaction.StoreId AND
                        POSHistoryEvent.POSId=CashTransaction.POSId AND
                        POSHistoryEvent.EventDateTime=CashTransaction.EventDateTime AND
                        POSHistoryEvent.BusinessDate=CashTransaction.BusinessDate
                WHERE
                    CashTransaction.CashTType=1 AND
                    COALESCE(POSHistoryEvent.NewDrawerCountId,0)>0
            );
        
        -- Return the new cash drawer count transaction id
        SELECT
            POSHistoryEvent.NewDrawerCountId AS drawerCountId
        FROM
            temp.POSHistoryEvent POSHistoryEvent
        WHERE
            COALESCE(POSHistoryEvent.NewDrawerCountId,0)>0;
    </Procedure>
    <Procedure name="posHistoryGet">
        SELECT
            POSHistory.StoreId AS storeId,
            POSHistory.POSId AS posId,
            DATE(POSHistory.EventDateTime,'localtime') AS eventDate,
            TIME(POSHistory.EventDateTime,'localtime') AS eventTime,
            POSHistory.EventType AS eventType,
            POSEvents.EventDescr AS eventDescription,
            POSHistory.BusinessDate AS businessDate,
            POSHistory.SessionId AS sessionId,
            POSHistory.OperatorId AS operatorId,
            POSHistory.TotalAmount AS totalAmount
        FROM
            bocash.POSHistory POSHistory
        JOIN
            bocash.POSEvents POSEvents
            ON  POSEvents.EventType=POSHistory.EventType
        WHERE
            POSHistory.StoreId=CAST(COALESCE(:op_storeId,(SELECT KeyValue FROM storecfg.Configuration WHERE KeyPath='Store.Id' LIMIT 1),'0') AS INTEGER) AND
            (
                CASE WHEN :op_posId IS NOT NULL THEN
                    CASE WHEN POSHistory.POSId=CAST(:op_posId AS INTEGER)
                        THEN 1
                        ELSE 0
                    END
                    ELSE 1
                END
            ) = 1 AND
            (
                CASE WHEN :op_eventType IS NOT NULL THEN
                    CASE WHEN POSHistory.EventType=CAST(:op_eventType AS INTEGER)
                        THEN 1
                        ELSE 0
                    END
                    ELSE 1
                END
            ) = 1 AND
            (
                CASE WHEN :op_businessDate IS NOT NULL THEN
                    CASE WHEN POSHistory.BusinessDate=DATE(:op_businessDate)
                        THEN 1
                        ELSE 0
                    END
                    ELSE 1
                END
            ) = 1 AND            
            (
                CASE WHEN :op_sessionId IS NOT NULL THEN
                    CASE WHEN POSHistory.SessionId=:op_sessionId
                        THEN 1
                        ELSE 0
                    END
                    ELSE 1
                END
            ) = 1 AND
            (
                CASE WHEN :op_operatorId IS NOT NULL THEN
                    CASE WHEN POSHistory.OperatorId=CAST(:op_operatorId AS INTEGER)
                        THEN 1
                        ELSE 0
                    END
                    ELSE 1
                END
            ) = 1
        LIMIT COALESCE(CAST(:op_limit AS INTEGER),-1) OFFSET COALESCE(CAST(:op_offset AS INTEGER),0);
    </Procedure>
    <Procedure name="drawerCountGet">
        SELECT
            DrawerCount.DrawerCountId AS drawerCountId,
            DrawerCount.BusinessDate AS businessDate,
            BusinessDate.BusinessWeekNumber AS businessWeekNumber,
            DATE(DrawerCount.EventDateTime,'localtime') AS eventDate,
            TIME(DrawerCount.EventDateTime,'localtime') AS eventTime,
            DrawerCount.StoreId AS storeId,
            DrawerCount.POSId AS posId,
            DATE(DrawerCount.DrawerCountDateTime,'localtime') AS drawerCountDate,
            TIME(DrawerCount.DrawerCountDateTime,'localtime') AS drawerCountTime,
            CASE DrawerCount.Status WHEN 0 THEN 'TO_BE_COUNTED' WHEN 1 THEN 'CLOSED' WHEN 2 THEN 'REOPENED' ELSE 'UNDEFINED' END AS status,
            CASE WHEN DrawerCount.ManagerId&lt;0 THEN 'UNDEFINED' ELSE DrawerCount.ManagerId END AS managerId,
            POSHistory.OperatorId AS operatorId,
            POSHistory.TotalTransferOut AS totalTransferOut,
            CashTransaction.TotalTransferOut AS adjustedTotalTransferOut,
            POSHistory.TotalSkim AS totalSkim,
            CashTransaction.TotalSkim AS adjustedTotalSkim,
            POSHistory.TotalCashSkim AS totalCashSkim,
            CashTransaction.TotalCashSkim AS adjustedCashSkim,
            POSHistory.TotalCreditSkim AS totalCreditSkim,
            CashTransaction.TotalCreditSkim AS adjustedCreditSkim,
            POSHistory.TotalOtherSkim AS totalOtherSkim,
            CashTransaction.TotalOtherSkim AS adjustedOtherSkim,
            POSHistory.TotalInitial AS initialFloat,
            CashTransaction.TotalInitial AS adjustedTotalInitial,
            tdadd(
                COALESCE(CashTransaction.TotalTransferOut,POSHistory.TotalTransferOut),
                COALESCE(CashTransaction.TotalSkim,POSHistory.TotalSkim),
                2,5
            ) AS totalOut,
            DrawerCount.TotalCountedAmount AS totalCountedAmount,
            DrawerCount.TotalComputedAmount AS totalComputedAmount,
            DrawerCount.TotalShortageAmount AS totalShortageAmount,
            DrawerCount.TotalOverageAmount AS totalOverageAmount,
            tdsub(DrawerCount.TotalOverageAmount,DrawerCount.TotalShortageAmount,2,5) AS totalShortOverAmount,
            tdsub(
                tdadd(
                    DrawerCount.TotalCountedAmount,
                    tdadd(
                        COALESCE(CashTransaction.TotalTransferOut,POSHistory.TotalTransferOut),
                        COALESCE(CashTransaction.TotalSkim,POSHistory.TotalSkim)
                    )
                ),
                COALESCE(CashTransaction.TotalInitial,POSHistory.TotalInitial),
                2,5
            ) AS granTotalCounted,
            tdsub(
                tdadd(
                    DrawerCount.TotalComputedAmount,
                    tdadd(
                        POSHistory.TotalTransferOut,
                        POSHistory.TotalSkim
                    )
                ),
                POSHistory.TotalInitial,
                2,5
            ) AS granTotalComputed
        FROM
            bocash.DrawerCount DrawerCount
        JOIN
            bocash.POSHistory POSHistory
            ON  POSHistory.StoreId=DrawerCount.StoreId AND
                POSHistory.POSId=DrawerCount.POSId AND
                POSHistory.EventDateTime=DrawerCount.EventDateTime AND
                POSHistory.EventType=DrawerCount.EventType
        JOIN
            bocash.BusinessDate BusinessDate
            ON  BusinessDate.StoreId=DrawerCount.StoreId AND
                BusinessDate.BusinessDate=DrawerCount.BusinessDate
        LEFT JOIN
            bocash.CashTransaction CashTransaction
            ON  CashTransaction.DrawerCountId=DrawerCount.DrawerCountId AND
                CashTransaction.CashTType=2
        WHERE
            (
                CASE WHEN :op_drawerCountId IS NOT NULL THEN
                    CASE WHEN DrawerCount.DrawerCountId=CAST(:op_drawerCountId AS INTEGER)
                        THEN 1
                        ELSE 0
                    END
                    ELSE 1
                END
            ) = 1 AND
            (
                CASE WHEN :op_businessDate IS NOT NULL THEN
                    CASE WHEN DrawerCount.BusinessDate=DATE(:op_businessDate)
                        THEN 1
                        ELSE 0
                    END
                    ELSE 1
                END
            ) = 1 AND
            (
                CASE WHEN :op_status IS NOT NULL THEN
                    CASE WHEN DrawerCount.Status=CAST(:op_status AS INTEGER)
                        THEN 1
                        ELSE 0
                    END
                    ELSE 1
                END
            ) = 1
        LIMIT COALESCE(CAST(:op_limit AS INTEGER),-1) OFFSET COALESCE(CAST(:op_offset AS INTEGER),0);
    </Procedure>
    <Procedure name="drawerCountClose">
        UPDATE bocash.DrawerCount
        SET
            Skipped=COALESCE(CAST(:op_skip AS INTEGER),0)
        WHERE 
            DrawerCountId=CAST(:drawerCountId AS INTEGER) AND
            Status=0;
                    
        UPDATE bocash.DrawerCount
        SET
            Status=1,
            ManagerId=COALESCE(CAST(:op_managerId AS INTEGER),0)
        WHERE 
            DrawerCountId=CAST(:drawerCountId AS INTEGER) AND
            Status=0;
        
        DELETE FROM temp.LastCashTransaction;
        INSERT INTO temp.LastCashTransaction(Id) SELECT MAX(CashTransactionId) FROM bocash.CashTransaction;
        
        INSERT INTO bocash.CashTransaction(StoreId,POSId,BusinessDate,CashTType,DrawerCountId,OperatorId,Description,Amount)
        SELECT
            DrawerCount.StoreId AS StoreId,
            DrawerCount.POSId AS POSId,
            DrawerCount.BusinessDate AS BusinessDate,
            2 AS CashTType,
            DrawerCount.DrawerCountId AS DrawerCountId,
            DrawerCount.ManagerId AS OperatorId,
            (
             'POS '||DrawerCount.POSId||
             ' drawer count on '||DATE(DrawerCount.DrawerCountDateTime,'localtime')||
             ' '||TIME(DrawerCount.DrawerCountDateTime,'localtime')
            ) AS Description,
            DrawerCount.TotalCountedAmount AS Amount
        FROM
            bocash.DrawerCount DrawerCount
        WHERE
            DrawerCount.DrawerCountId=CAST(:drawerCountId AS INTEGER) AND
            DrawerCount.Status=1 AND
            NOT EXISTS (
                SELECT 1
                FROM bocash.CashTransaction CT
                JOIN bocash.DrawerCount DC
                ON DC.StoreId=CT.StoreId AND
                   DC.POSId=CT.POSId AND
                   DC.BusinessDate=CT.BusinessDate AND
                   DC.DrawerCountId=CT.DrawerCountId AND
                   CT.DrawerCountId=CAST(:drawerCountId AS INTEGER) AND
                   CT.CashTType=2
            );
        
        INSERT INTO bocash.CashTransactionDetails(CashTransactionId,ParamName,ParamValue)
        SELECT
            CashTransaction.CashTransactionId AS CashTransactionId,
            ('{"TenderType": "'||DrawerCountDetail.TenderType||'", "TenderSubType": "'||DrawerCountDetail.TenderSubType||'", "TenderDescription": "'||DrawerCountTemplate.Description||'"}') AS ParamName,
            ('{"CountedAmount": "'||COALESCE(DrawerCountDetail.CountedAmount,tdscale(0,2,5))||'", "ShortageAmount": "'||COALESCE(DrawerCountDetail.ShortageAmount,tdscale(0,2,5))||'", "OverageAmount": "'||COALESCE(DrawerCountDetail.OverageAmount,tdscale(0,2,5))||'"}') AS ParamValue
        FROM
            bocash.DrawerCountDetail DrawerCountDetail
        JOIN
            bocash.DrawerCountTemplate DrawerCountTemplate
            ON  DrawerCountTemplate.TenderType=DrawerCountDetail.TenderType AND
                DrawerCountTemplate.TenderSubType=DrawerCountDetail.TenderSubType
        JOIN
            bocash.CashTransaction CashTransaction
            ON  CashTransaction.DrawerCountId=DrawerCountDetail.DrawerCountId
        WHERE
            CashTransaction.CashTransactionId=(
                SELECT
                    MAX(CashTransaction.CashTransactionId)
                FROM
                    bocash.CashTransaction CashTransaction
                WHERE
                    CashTransaction.DrawerCountId=CAST(:drawerCountId AS INTEGER) AND
                    CashTransaction.CashTType=2 AND
                    CashTransaction.CashTransactionId > (SELECT MAX(Id) FROM temp.LastCashTransaction)
            ) AND
            DrawerCountDetail.CountedAmount IS NOT NULL;
        
        SELECT
            DrawerCount.DrawerCountId AS drawerCountId,
            DrawerCount.BusinessDate AS businessDate,
            BusinessDate.BusinessWeekNumber AS businessWeekNumber,
            DATE(DrawerCount.EventDateTime,'localtime') AS eventDate,
            TIME(DrawerCount.EventDateTime,'localtime') AS eventTime,
            DrawerCount.StoreId AS storeId,
            DrawerCount.POSId AS posId,
            DATE(DrawerCount.DrawerCountDateTime,'localtime') AS drawerCountDate,
            TIME(DrawerCount.DrawerCountDateTime,'localtime') AS drawerCountTime,
            CASE DrawerCount.Status WHEN 0 THEN 'TO_BE_COUNTED' WHEN 1 THEN 'CLOSED' ELSE 'UNDEFINED' END AS status,
            CASE WHEN DrawerCount.ManagerId&lt;0 THEN 'UNDEFINED' ELSE DrawerCount.ManagerId END AS managerId,
            DrawerCount.TotalCountedAmount AS totalCountedAmount,
            DrawerCount.TotalComputedAmount AS totalComputedAmount,
            DrawerCount.TotalShortageAmount AS totalShortageAmount,
            DrawerCount.TotalOverageAmount AS totalOverageAmount
        FROM
            bocash.DrawerCount DrawerCount
        JOIN
            bocash.BusinessDate BusinessDate
            ON  BusinessDate.StoreId=DrawerCount.StoreId AND
                BusinessDate.BusinessDate=DrawerCount.BusinessDate
        WHERE
            DrawerCount.DrawerCountId=CAST(:drawerCountId AS INTEGER) AND
            DrawerCount.Status=1;
    </Procedure>
    <Procedure name="drawerCountReopen">
        DELETE FROM temp.POSHistoryEvent;
        INSERT INTO temp.POSHistoryEvent(StoreId,POSId,EventDateTime,BusinessDate,LastDrawerCountId)
        SELECT
            DrawerCount.StoreId AS StoreId,
            DrawerCount.POSId AS POSId,
            DrawerCount.EventDateTime AS EventDateTime,
            DrawerCount.BusinessDate AS BusinessDate,
            DrawerCount.DrawerCountId AS LastDrawerCountId
        FROM
            bocash.DrawerCount DrawerCount
        WHERE
            DrawerCount.DrawerCountId=CAST(:drawerCountId AS INTEGER);
        
        UPDATE bocash.DrawerCount
        SET
            Status=2
        WHERE
            DrawerCountId=CAST(:drawerCountId AS INTEGER);
    
        INSERT INTO bocash.DrawerCount(StoreId,POSId,BusinessDate,EventDateTime,EventType,ManagerId,TotalComputedAmount,PreviousCountId)
        SELECT
            DrawerCount.StoreId AS StoreId,
            DrawerCount.POSId AS POSId,
            DrawerCount.BusinessDate AS BusinessDate,
            DrawerCount.EventDateTime AS EventDateTime,
            2 AS EventType,
            -1 AS ManagerId,
            DrawerCount.TotalComputedAmount AS ComputedAmount,
            DrawerCount.DrawerCountId AS PreviousCountId
        FROM
            bocash.DrawerCount DrawerCount
        JOIN
            temp.POSHistoryEvent POSHistoryEvent
            ON  POSHistoryEvent.StoreId=DrawerCount.StoreId AND
                POSHistoryEvent.POSId=DrawerCount.POSId AND
                POSHistoryEvent.EventDateTime=DrawerCount.EventDateTime AND
                POSHistoryEvent.BusinessDate=DrawerCount.BusinessDate
        WHERE
            DrawerCount.DrawerCountId=CAST(:drawerCountId AS INTEGER);
        
        UPDATE temp.POSHistoryEvent
        SET
            NewDrawerCountId=(
                SELECT
                    MAX(DrawerCount.DrawerCountId)
                FROM
                    bocash.DrawerCount DrawerCount
                JOIN
                    temp.POSHistoryEvent POSHistoryEvent
                    ON  POSHistoryEvent.StoreId=DrawerCount.StoreId AND
                        POSHistoryEvent.POSId=DrawerCount.POSId AND
                        POSHistoryEvent.EventDateTime=DrawerCount.EventDateTime AND
                        POSHistoryEvent.BusinessDate=DrawerCount.BusinessDate
                WHERE
                    DrawerCount.DrawerCountId&gt;COALESCE(POSHistoryEvent.LastDrawerCountId,-1)
            );
            
        UPDATE bocash.CashTransaction
        SET
            DrawerCountId=(SELECT NewDrawerCountId FROM temp.POSHistoryEvent LIMIT 1)
        WHERE
            _ROWID_=(
                SELECT
                    CashTransaction._ROWID_ AS _ROWID_
                FROM
                    bocash.CashTransaction CashTransaction
                JOIN
                    temp.POSHistoryEvent POSHistoryEvent
                    ON  POSHistoryEvent.StoreId=CashTransaction.StoreId AND
                        POSHistoryEvent.POSId=CashTransaction.POSId AND
                        POSHistoryEvent.EventDateTime=CashTransaction.EventDateTime AND
                        POSHistoryEvent.BusinessDate=CashTransaction.BusinessDate AND
                        POSHistoryEvent.LastDrawerCountId=CashTransaction.DrawerCountId
                LIMIT 1
            );
            
        SELECT
            POSHistoryEvent.NewDrawerCountId AS drawerCountId
        FROM
            temp.POSHistoryEvent POSHistoryEvent
        WHERE
            POSHistoryEvent.LastDrawerCountId=CAST(:drawerCountId AS INTEGER);
    </Procedure>
    <Procedure name="drawerCountDetailGet">
        SELECT
            DrawerCountDetail.DrawerCountId AS drawerCountId,
            DrawerCount.StoreId AS storeId,
            DrawerCount.POSId AS posId,
            DrawerCount.BusinessDate AS businessDate,
            DATE(DrawerCount.EventDateTime,'localtime') AS eventDate,
            TIME(DrawerCount.EventDateTime,'localtime') AS eventTime,
            DrawerCountDetail.TenderType AS tenderType,
            DrawerCountDetail.TenderSubType AS tenderSubType,
            DrawerCountTemplate.Description AS description,
            DrawerCountTemplate.CountingMethod AS countingMethod,
            DrawerCountDetail.FaceValue AS faceValue,
            DrawerCountDetail.CountedQty AS countedQty,
            DrawerCountDetail.CountedAmount AS countedAmount,
            DrawerCountDetail.ComputedAmount AS computedAmount,
            DrawerCountDetail.ShortageAmount AS shortageAmount,
            DrawerCountDetail.OverageAmount AS overageAmount,
            tdsub(DrawerCountDetail.overageAmount,DrawerCountDetail.shortageAmount,2,5) AS shortOverAmount
        FROM
            bocash.DrawerCountDetail DrawerCountDetail
        JOIN
            bocash.DrawerCountTemplate DrawerCountTemplate
            ON  DrawerCountTemplate.TenderType=DrawerCountDetail.TenderType AND
                DrawerCountTemplate.TenderSubType=DrawerCountDetail.TenderSubType
        JOIN
            bocash.DrawerCount DrawerCount
            ON  DrawerCount.DrawerCountId=DrawerCountDetail.DrawerCountId
        WHERE
            DrawerCountDetail.DrawerCountId=CAST(:drawerCountId AS INTEGER) AND
            DrawerCountTemplate.Status=1;
    </Procedure>
    <Procedure name="drawerCountDetailUpdate">
        UPDATE bocash.DrawerCountDetail
        SET
            CountedQty=CAST(:op_countedQty AS INTEGER)
        WHERE
            DrawerCountId=CAST(:drawerCountId AS INTEGER) AND
            TenderType=CAST(:tenderType AS INTEGER) AND
            TenderSubType=CAST(:tenderSubType AS INTEGER) AND
            EXISTS (
                SELECT 1
                FROM
                    bocash.DrawerCountTemplate DrawerCountTemplate
                WHERE
                    DrawerCountTemplate.TenderType=CAST(:tenderType AS INTEGER) AND
                    DrawerCountTemplate.TenderSubType=CAST(:tenderSubType AS INTEGER) AND
                    DrawerCountTemplate.CountingMethod=1
                LIMIT 1
            );

        UPDATE bocash.DrawerCountDetail
        SET
            CountedAmount=:op_countedAmount
        WHERE
            DrawerCountId=CAST(:drawerCountId AS INTEGER) AND
            TenderType=CAST(:tenderType AS INTEGER) AND
            TenderSubType=CAST(:tenderSubType AS INTEGER) AND
            EXISTS (
                SELECT 1
                FROM
                    bocash.DrawerCountTemplate DrawerCountTemplate
                WHERE
                    DrawerCountTemplate.TenderType=CAST(:tenderType AS INTEGER) AND
                    DrawerCountTemplate.TenderSubType=CAST(:tenderSubType AS INTEGER) AND
                    DrawerCountTemplate.CountingMethod=2
                LIMIT 1
            );

        SELECT
            DrawerCountDetail.DrawerCountId AS drawerCountId,
            DrawerCount.StoreId AS storeId,
            DrawerCount.POSId AS posId,
            DrawerCount.BusinessDate AS businessDate,
            DATE(DrawerCount.EventDateTime,'localtime') AS eventDate,
            TIME(DrawerCount.EventDateTime,'localtime') AS eventTime,
            DrawerCountDetail.TenderType AS tenderType,
            DrawerCountDetail.TenderSubType AS tenderSubType,
            DrawerCountTemplate.Description AS description,
            DrawerCountTemplate.CountingMethod AS countingMethod,
            DrawerCountDetail.FaceValue AS faceValue,
            DrawerCountDetail.CountedQty AS countedQty,
            DrawerCountDetail.CountedAmount AS countedAmount,
            DrawerCountDetail.ComputedAmount AS computedAmount,
            DrawerCountDetail.ShortageAmount AS shortageAmount,
            DrawerCountDetail.OverageAmount AS overageAmount,
            tdsub(DrawerCountDetail.overageAmount,DrawerCountDetail.shortageAmount,2,5) AS shortOverAmount
        FROM
            bocash.DrawerCountDetail DrawerCountDetail
        JOIN
            bocash.DrawerCountTemplate DrawerCountTemplate
            ON  DrawerCountTemplate.TenderType=DrawerCountDetail.TenderType AND
                DrawerCountTemplate.TenderSubType=DrawerCountDetail.TenderSubType
        JOIN
            bocash.DrawerCount DrawerCount
            ON  DrawerCount.DrawerCountId=DrawerCountDetail.DrawerCountId
        WHERE
            DrawerCountDetail.DrawerCountId=CAST(:drawerCountId AS INTEGER) AND
            DrawerCountTemplate.Status=1;
    </Procedure>
    <Procedure name="cashTransactionGet">
        SELECT
            CashTransaction.CashTransactionId AS cashTransactionId,
            CashTransaction.StoreId AS storeId,
            BusinessWeek.Year AS year,
            BusinessWeek.Month AS month,
            BusinessWeek.BusinessWeekNumber AS businessWeekNumber,
            CashTransaction.BusinessDate AS businessDate,
            CashTransaction.CashTType AS transactionType,
            CashTransactionType.CashTDescr AS transactionDescription,
            CashTransaction.POSId AS posId,
            DATE(CashTransaction.EventDateTime,'localtime') AS eventDate,
            TIME(CashTransaction.EventDateTime,'localtime') AS eventTime,
            CashTransaction.DrawerCountId AS drawerCountId,
            CashTransaction.OperatorId AS operatorId,
            CashTransaction.Description AS description,
            CashTransaction.Amount AS amount
        FROM
            bocash.CashTransaction CashTransaction
        JOIN
            bocash.CashTransactionType CashTransactionType
            ON CashTransactionType.CashTType=CashTransaction.CashTType
        JOIN
            bocash.BusinessWeek BusinessWeek
            ON  BusinessWeek.StoreId=CashTransaction.StoreId AND
                CashTransaction.BusinessDate BETWEEN BusinessWeek.FromBusinessDate AND BusinessWeek.UntilBusinessDate
        WHERE
            CashTransaction.StoreId=CAST(COALESCE(:op_storeId,(SELECT KeyValue FROM storecfg.Configuration WHERE KeyPath='Store.Id' LIMIT 1),'0') AS INTEGER) AND
            (
                CASE WHEN :op_businessWeekNumber IS NOT NULL
                    THEN CASE WHEN BusinessWeek.BusinessWeekNumber=CAST(:op_businessWeekNumber AS INTEGER)
                        THEN 1
                        ELSE 0
                    END
                    ELSE 1
                END
            ) = 1 AND
            (
                CASE WHEN :op_transactionType IS NOT NULL THEN
                    CASE WHEN CashTransaction.CashTType=CAST(:op_transactionType AS INTEGER)
                        THEN 1
                        ELSE 0
                    END
                    ELSE 1
                END
            ) = 1 AND
            (
                CASE WHEN :op_businessDate IS NOT NULL
                    THEN CASE WHEN CashTransaction.BusinessDate=DATE(:op_businessDate)
                        THEN 1
                        ELSE 0
                    END
                    ELSE 1
                END
            ) = 1;
    </Procedure>
    <Procedure name="cashTransactionUpdate">
        INSERT OR REPLACE INTO bocash.CashTransaction(
            CashTransactionId,
            CashTType,
            BusinessDate,
            StoreId,
            POSId,
            EventDateTime,
            EventType,
            DrawerCountId,
            OperatorId,
            Description,
            Amount,
            TotalTransferOut,
            TotalInitial,
            TotalCashSkim,
            TotalCreditSkim,
            TotalOtherSkim,
            TotalSkim
        )
        SELECT
            CashTransaction.CashTransactionId,
            CashTransaction.CashTType,
            CashTransaction.BusinessDate,
            CashTransaction.StoreId,
            CashTransaction.POSId,
            CashTransaction.EventDateTime,
            CashTransaction.EventType,
            CashTransaction.DrawerCountId,
            CashTransaction.OperatorId,
            CashTransaction.Description,
            CashTransaction.Amount,
            NULLIF(LOWER(COALESCE(:op_totalTransferOut,CashTransaction.TotalTransferOut)),'reset') AS TotalTransferOut,
            NULLIF(LOWER(COALESCE(:op_totalInitial,CashTransaction.TotalInitial)),'reset') AS TotalInitial,
            NULLIF(LOWER(COALESCE(:op_totalCashSkim,CashTransaction.TotalCashSkim)),'reset') AS TotalCashSkim,
            NULLIF(LOWER(COALESCE(:op_totalCreditSkim,CashTransaction.TotalCreditSkim)),'reset') AS TotalCreditSkim,
            NULLIF(LOWER(COALESCE(:op_totalOtherSkim,CashTransaction.TotalOtherSkim)),'reset') AS TotalOtherSkim,
            CASE 
                WHEN (NULLIF(LOWER(COALESCE(:op_totalCashSkim,CashTransaction.TotalCashSkim)),'reset') IS NULL) AND
                     (NULLIF(LOWER(COALESCE(:op_totalCreditSkim,CashTransaction.TotalCreditSkim)),'reset') IS NULL) AND
                     (NULLIF(LOWER(COALESCE(:op_totalOtherSkim,CashTransaction.TotalOtherSkim)),'reset') IS NULL)
                THEN 
                    NULL
                ELSE
                    tdadd(
                        tdadd(
                            COALESCE(NULLIF(LOWER(COALESCE(:op_totalCashSkim,CashTransaction.TotalCashSkim)),'reset'),POSHistory.TotalCashSkim,0),
                            COALESCE(NULLIF(LOWER(COALESCE(:op_totalCreditSkim,CashTransaction.TotalCreditSkim)),'reset'),POSHistory.TotalCreditSkim,0),
                            2,5
                        ),
                        COALESCE(NULLIF(LOWER(COALESCE(:op_totalOtherSkim,CashTransaction.TotalOtherSkim)),'reset'),POSHistory.TotalOtherSkim,0),
                        2,5
                    )
            END AS TotalSkim
        FROM
            bocash.CashTransaction CashTransaction
        JOIN
            bocash.DrawerCount DrawerCount
            ON  DrawerCount.DrawerCountId=CashTransaction.DrawerCountId
        JOIN
            bocash.POSHistory POSHistory
            ON  POSHistory.StoreId=DrawerCount.StoreId AND
                POSHistory.POSId=DrawerCount.POSId AND
                POSHistory.EventDateTime=DrawerCount.EventDateTime AND
                POSHistory.EventType=DrawerCount.EventType
        WHERE
            CashTransaction.CashTransactionId=(
                SELECT MAX(CashTransactionId)
                FROM (
                    SELECT CAST(:op_cashTransactionId AS INTEGER) AS CashTransactionId 
                    UNION ALL
                    SELECT MAX(CashTransactionId) AS CashTransactionId 
                    FROM bocash.CashTransaction
                    WHERE DrawerCountId=CAST(:op_drawerCountId AS INTEGER) AND CashTType=2
                )
            );
    </Procedure>
    <Procedure name="cashTransactionDetailsGet">
        SELECT
            Objects.CashTransactionId AS cashTransactionId,
            CASE WHEN :op_detailId IS NOT NULL
                THEN NULL
                ELSE '['||group_concat(Objects.DetailObject,',')||']' 
            END AS ObjectTable,
            CASE WHEN :op_detailId IS NOT NULL
                THEN CASE WHEN :op_detailData IS NOT NULL
                    THEN JSONGet(:op_detailData,JSONGet('DetailData',Objects.DetailObject))
                    ELSE Objects.DetailObject
                END
                ELSE NULL
            END AS detailData
        FROM (
            SELECT
                Details.CashTransactionId AS CashTransactionId, 
                ('{"DetailId": "'||Details.DetailId||'", "DetailDescription": "'||Details.DetailDescr||'", "DetailData": '||Details.DetailData||'}') AS DetailObject
            FROM (
                -- Get details by transaction id if it was provided, or ...
                SELECT
                    CAST(:op_cashTransactionId AS INTEGER) AS CashTransactionId,
                    JSONGet('DetailId',CashTransactionDetails.ParamName) AS DetailId,
                    JSONGet('DetailDescription',CashTransactionDetails.ParamName) AS DetailDescr,
                    CashTransactionDetails.ParamValue AS DetailData
                FROM
                    bocash.CashTransactionDetails CashTransactionDetails
                WHERE
                    COALESCE(CAST(:op_cashTransactionId AS INTEGER),-1)&gt;=0 AND
                    LENGTH(COALESCE(:op_businessDate,''))=0 AND
                    CashTransactionDetails.CashTransactionId=CAST(:op_cashTransactionId AS INTEGER)
                UNION ALL
                -- Get details by business date.
                SELECT
                    CashTransaction.CashTransactionId AS CashTransactionId,
                    JSONGet('DetailId',CashTransactionDetails.ParamName) AS DetailId,
                    JSONGet('DetailDescription',CashTransactionDetails.ParamName) AS DetailDescr,
                    CashTransactionDetails.ParamValue AS DetailData
                FROM
                    bocash.CashTransaction CashTransaction
                JOIN
                    bocash.CashTransactionDetails CashTransactionDetails
                    ON  CashTransactionDetails.CashTransactionId=CashTransaction.CashTransactionId
                WHERE
                    COALESCE(CAST(:op_cashTransactionId AS INTEGER),-1)&lt;0 AND
                    LENGTH(COALESCE(:op_businessDate,''))&gt;0 AND
                    -- Get one closeday transaction only - the newer one in the provided business date.
					CashTransaction.CashTransactionId=(
						SELECT
							MAX(CashTransactionId)
						FROM
							bocash.CashTransaction
						WHERE
							-- business date provided
							BusinessDate=DATE(:op_businessDate) AND
							-- StoreId optionaly or from the global configuration
							StoreId=CAST(COALESCE(:op_storeId,(SELECT KeyValue FROM storecfg.Configuration WHERE KeyPath='Store.Id' LIMIT 1),'0') AS INTEGER) AND
							-- Get only DayClose transactions to update.
							CashTransaction.CashTType=3
					)
            )   Details
            WHERE (   
                    CASE WHEN :op_detailId IS NOT NULL THEN 
                        CASE WHEN Details.DetailId=:op_detailId
                            THEN 1
                            ELSE 0
                        END
                        ELSE 1
                    END
                ) = 1
        )   Objects;
    </Procedure>
    <Procedure name="cashTransactionDetailsAddOrUpdate">
        INSERT OR REPLACE INTO bocash.CashTransactionDetails(CashTransactionId, ParamName, ParamValue)
        -- If no transaction id was provided, try to do it through the latest close day transactions
		SELECT
			CashTransactionId,
			ParamName,
			ParamValue
		FROM (
			SELECT
				Details.BusinessDate AS BusinessDate,
				('{"DetailId": "'||Details.DetailId||'", "DetailDescription": "'||Details.DetailDescr||'"}') AS ParamName,
				MAX(CashTransaction.CashTransactionId) AS CashTransactionId,
				Details.DetailData AS ParamValue
			FROM (
				SELECT
					DATE(JSONGet('BusinessDate',PreparedStringTable.id)) AS BusinessDate,
					JSONGet('DetailId',PreparedStringTable.id) AS DetailId,
					JSONGet('DetailDescription',PreparedStringTable.id) AS DetailDescr,
					JSONGet('DetailData',PreparedStringTable.id) AS DetailData
				FROM
					temp.PreparedStringTable PreparedStringTable
			)   Details
			JOIN
				bocash.CashTransaction CashTransaction
				ON  CashTransaction.BusinessDate=Details.BusinessDate
			WHERE
				-- Only if the cash transaction id was not provided
				COALESCE(CAST(:op_cashTransactionId AS INTEGER),-1)&lt;0 AND
				-- StoreId optionaly or from the global configuration
				CashTransaction.StoreId=CAST(COALESCE(:op_storeId,(SELECT KeyValue FROM storecfg.Configuration WHERE KeyPath='Store.Id' LIMIT 1),'0') AS INTEGER) AND
				-- Get only DayClose transactions to update.
				CashTransaction.CashTType=3
			GROUP BY BusinessDate, ParamName
		)
        UNION ALL
        SELECT
            CashTransaction.CashTransactionId AS CashTransactionId,
            ('{"DetailId": "'||Details.DetailId||'", "DetailDescription": "'||Details.DetailDescr||'"}') AS ParamName,
            Details.DetailData AS ParamValue
        FROM (
            SELECT
                CAST(:op_cashTransactionId AS INTEGER) AS CashTransactionId,
                JSONGet('DetailId',PreparedStringTable.id) AS DetailId,
                JSONGet('DetailDescription',PreparedStringTable.id) AS DetailDescr,
                JSONGet('DetailData',PreparedStringTable.id) AS DetailData
            FROM
                temp.PreparedStringTable PreparedStringTable
        )   Details
        JOIN
            bocash.CashTransaction CashTransaction
            ON  CashTransaction.CashTransactionId=Details.CashTransactionId
        WHERE
            -- Only if the cash transaction id was provided.
            COALESCE(CAST(:op_cashTransactionId AS INTEGER),-1)&gt;=0;
    </Procedure>
    <Procedure name="cashPaymentAdd">
        DELETE FROM temp.LastCashTransaction;
        INSERT INTO temp.LastCashTransaction(Id)
        SELECT 
            MAX(T.Id) AS Id
        FROM (
            SELECT -1 AS Id
            UNION ALL
            SELECT
                CashTransaction.CashTransactionId AS Id
            FROM
                bocash.CashTransaction CashTransaction
            WHERE
                CashTransaction.StoreId=CAST(COALESCE(:op_storeId,(SELECT KeyValue FROM storecfg.Configuration WHERE KeyPath='Store.Id' LIMIT 1),'0') AS INTEGER) AND
                CashTransaction.BusinessDate=DATE(:businessDate) AND
                CashTransaction.CashTType=3
        ) T;
            
        INSERT INTO bocash.CashTransaction(StoreId, BusinessDate, CashTType, OperatorId, Description, Amount)
        SELECT
            BusinessDate.StoreId AS StoreId,
            BusinessDate.BusinessDate AS BusinessDate,
            CashTransactionType.CashTType AS CashTType,
            CAST(:op_operatorId AS INTEGER) AS OperatorId,
            COALESCE(:op_description,
                ('Store: '||BusinessDate.StoreId||
                 ' Business date: '||BusinessDate.BusinessDate||
                 ' - '||CashTransactionType.CashTDescr)
            ) AS Description,
            :amount AS Amount
        FROM
            bocash.BusinessDate BusinessDate
        JOIN
            bocash.CashTransactionType CashTransactionType
            ON  CashTransactionType.CashTType=3
        WHERE
            BusinessDate.StoreId=CAST(COALESCE(:op_storeId,(SELECT KeyValue FROM storecfg.Configuration WHERE KeyPath='Store.Id' LIMIT 1),'0') AS INTEGER) AND
            BusinessDate.BusinessDate=DATE(:businessDate);
            
        INSERT INTO bocash.CashTransactionDetails(CashTransactionId,ParamName,ParamValue)
        SELECT
            CurrentTransaction.Id AS CashTransactionId,
            Parameters.Name AS ParamName,
            Parameters.Value AS ParamValue
        FROM (
            SELECT
                JSONGet('ParamName',PreparedStringTable.id) AS Name,
                JSONGet('ParamValue',PreparedStringTable.id) AS Value
            FROM
                temp.PreparedStringTable PreparedStringTable
        ) Parameters, (
            SELECT
                MAX(CashTransaction.CashTransactionId) AS Id
            FROM
                bocash.CashTransaction CashTransaction
        ) CurrentTransaction
        WHERE
            CurrentTransaction.Id>COALESCE((SELECT MAX(Id) FROM temp.LastCashTransaction),-1);
            
        SELECT
            CashTransaction.CashTransactionId AS cashTransactionId,
            CashTransaction.StoreId AS storeId,
            BusinessWeek.Year AS year,
            BusinessWeek.Month AS month,
            BusinessWeek.BusinessWeekNumber AS businessWeekNumber,
            CashTransaction.BusinessDate AS businessDate,
            CashTransaction.CashTType AS transactionType,
            CashTransactionType.CashTDescr AS transactionDescription,
            CashTransaction.POSId AS posId,
            DATE(CashTransaction.EventDateTime,'localtime') AS eventDate,
            TIME(CashTransaction.EventDateTime,'localtime') AS eventTime,
            CashTransaction.DrawerCountId AS drawerCountId,
            CashTransaction.OperatorId AS operatorId,
            CashTransaction.Description AS description,
            CashTransaction.Amount AS amount
        FROM
            bocash.CashTransaction CashTransaction, (
                SELECT 
                    MAX(Id) AS Id 
                FROM 
                    temp.LastCashTransaction
            ) LastCashTransaction
        JOIN
            bocash.CashTransactionType CashTransactionType
            ON CashTransactionType.CashTType=CashTransaction.CashTType
        JOIN
            bocash.BusinessWeek BusinessWeek
            ON  BusinessWeek.StoreId=CashTransaction.StoreId AND
                CashTransaction.BusinessDate BETWEEN BusinessWeek.FromBusinessDate AND BusinessWeek.UntilBusinessDate
        WHERE
            CashTransaction.CashTransactionId&gt;COALESCE(LastCashTransaction.Id,-1);
    </Procedure>
    <Procedure name="cashDepositAdd">
        DELETE FROM temp.LastCashTransaction;
        INSERT INTO temp.LastCashTransaction(Id)
        SELECT 
            MAX(T.Id) AS Id
        FROM (
            SELECT -1 AS Id
            UNION ALL
            SELECT
                CashTransaction.CashTransactionId AS Id
            FROM
                bocash.CashTransaction CashTransaction
            WHERE
                CashTransaction.StoreId=CAST(COALESCE(:op_storeId,(SELECT KeyValue FROM storecfg.Configuration WHERE KeyPath='Store.Id' LIMIT 1),'0') AS INTEGER) AND
                CashTransaction.BusinessDate=DATE(:businessDate) AND
                CashTransaction.CashTType=4
        ) T;
            
        INSERT INTO bocash.CashTransaction(StoreId, BusinessDate, CashTType, OperatorId, Description, Amount)
        SELECT
            BusinessDate.StoreId AS StoreId,
            BusinessDate.BusinessDate AS BusinessDate,
            CashTransactionType.CashTType AS CashTType,
            CAST(:op_operatorId AS INTEGER) AS OperatorId,
            COALESCE(:op_description,
                ('Store: '||BusinessDate.StoreId||
                 ' Business date: '||BusinessDate.BusinessDate||
                 ' - '||CashTransactionType.CashTDescr)
            ) AS Description,
            :amount AS Amount
        FROM
            bocash.BusinessDate BusinessDate
        JOIN
            bocash.CashTransactionType CashTransactionType
            ON  CashTransactionType.CashTType=4
        WHERE
            BusinessDate.StoreId=CAST(COALESCE(:op_storeId,(SELECT KeyValue FROM storecfg.Configuration WHERE KeyPath='Store.Id' LIMIT 1),'0') AS INTEGER) AND
            BusinessDate.BusinessDate=DATE(:businessDate);
            
        INSERT INTO bocash.CashTransactionDetails(CashTransactionId,ParamName,ParamValue)
        SELECT
            CurrentTransaction.Id AS CashTransactionId,
            Parameters.Name AS ParamName,
            Parameters.Value AS ParamValue
        FROM (
            SELECT
                JSONGet('ParamName',PreparedStringTable.id) AS Name,
                JSONGet('ParamValue',PreparedStringTable.id) AS Value
            FROM
                temp.PreparedStringTable PreparedStringTable
        ) Parameters, (
            SELECT
                MAX(CashTransaction.CashTransactionId) AS Id
            FROM
                bocash.CashTransaction CashTransaction
        ) CurrentTransaction
        WHERE
            CurrentTransaction.Id>COALESCE((SELECT MAX(Id) FROM temp.LastCashTransaction),-1);
            
        SELECT
            CashTransaction.CashTransactionId AS cashTransactionId,
            CashTransaction.StoreId AS storeId,
            BusinessWeek.Year AS year,
            BusinessWeek.Month AS month,
            BusinessWeek.BusinessWeekNumber AS businessWeekNumber,
            CashTransaction.BusinessDate AS businessDate,
            CashTransaction.CashTType AS transactionType,
            CashTransactionType.CashTDescr AS transactionDescription,
            CashTransaction.POSId AS posId,
            DATE(CashTransaction.EventDateTime,'localtime') AS eventDate,
            TIME(CashTransaction.EventDateTime,'localtime') AS eventTime,
            CashTransaction.DrawerCountId AS drawerCountId,
            CashTransaction.OperatorId AS operatorId,
            CashTransaction.Description AS description,
            CashTransaction.Amount AS amount
        FROM
            bocash.CashTransaction CashTransaction, (
                SELECT 
                    MAX(Id) AS Id 
                FROM 
                    temp.LastCashTransaction
            ) LastCashTransaction
        JOIN
            bocash.CashTransactionType CashTransactionType
            ON CashTransactionType.CashTType=CashTransaction.CashTType
        JOIN
            bocash.BusinessWeek BusinessWeek
            ON  BusinessWeek.StoreId=CashTransaction.StoreId AND
                CashTransaction.BusinessDate BETWEEN BusinessWeek.FromBusinessDate AND BusinessWeek.UntilBusinessDate
        WHERE
            CashTransaction.CashTransactionId&gt;COALESCE(LastCashTransaction.Id,-1);
    </Procedure>
</Procedures>