<?xml version="1.0" encoding="UTF-8"?>
<!--
	Module Name: kioskctrlprocs.xml
	Module Description: Procedures used by the MW:APP Kiosk Controller service

	Copyright © 2012 MWneo Corporation

	$Id$
	$Revision$
	$Date$
	Created by: amerolli Last Modified by: $Author$
-->
<Procedures>
    <Procedure name="addUpdateProvider">
		INSERT OR REPLACE INTO kioskctrl.Provider(Id, Name)
		VALUES(:id, :name);
	</Procedure>
	<Procedure name="removeProviders">	
		DELETE FROM kioskctrl.Provider
		WHERE Id NOT IN (
			SELECT id FROM temp.PreparedStringTable
		);
	</Procedure>
	<Procedure name="addUpdateVenue">
		INSERT OR REPLACE INTO kioskctrl.Venue(VenueUID,Name,City,[State],Country,Address,ZIPCode,Phone,Id,ProviderId)
		VALUES(:uid, :name, :city, :state, :country, :address, :zip, :phone, :id, :providerid);
	</Procedure>
	<Procedure name="removeProviderVenues">
		DELETE FROM kioskctrl.Venue
		WHERE VenueUID NOT IN (
			SELECT id FROM temp.PreparedStringTable
		);
	</Procedure>
	<Procedure name="addUpdateCategory">
		INSERT OR REPLACE INTO kioskctrl.Category(Id,ProviderId,Name,KioskCat)
		VALUES(:id,:providerid,:name,:kioskcat);
	</Procedure>
	<Procedure name="removeProviderCategories">
		DELETE FROM kioskctrl.Category
		WHERE ProviderId=:providerid AND Id NOT IN (
			SELECT id FROM temp.PreparedStringTable
		);
	</Procedure>
	<Procedure name="addUpdateEvent">
		INSERT OR REPLACE INTO kioskctrl.Event(Id,ProviderId,Title,Description)
		VALUES(:id,:providerid,:title,:description);
	</Procedure>
	<Procedure name="removeProviderEvents">
		DELETE FROM kioskctrl.Event
		WHERE ProviderId=:providerid AND Id NOT IN (
			SELECT id FROM temp.PreparedStringTable
		);
	</Procedure>
	<Procedure name="addUpdateEventCategories">
		DELETE FROM kioskctrl.EventCategory
		WHERE EventId=:eventid AND ProviderId=:providerid;
		
		INSERT INTO kioskctrl.EventCategory(EventId,CategoryId,ProviderId)
		SELECT :eventid, id, :providerid
		FROM temp.PreparedStringTable;
	</Procedure>
	<Procedure name="removeAllEventImages">
		DELETE FROM kioskctrl.EventImage
		WHERE EventId=:eventid AND ProviderId=:providerid;
	</Procedure>
	<Procedure name="addEventImage">
		INSERT INTO kioskctrl.EventImage(EventId,ProviderId,URL)
		VALUES(:eventid, :providerid, :url);
		
		INSERT INTO kioskctrl.ImageTag(ImageId, Tag)
		SELECT (SELECT MAX(Id) FROM kioskctrl.EventImage), id
		FROM temp.PreparedStringTable;
	</Procedure>
	<Procedure name="addUpdateEventPerformance">
		INSERT OR REPLACE INTO kioskctrl.Performance(PerformanceId,EventId,ProviderId,[Date],[Time],VenueUID,LayoutURL)
		SELECT PerformanceId, :eventid, :providerid, :date, :time, :uid, :layout
		FROM kioskctrl.Performance
		WHERE EventId=:eventid AND ProviderId=:providerid AND [Date]=:date AND [Time]=:time;
		
		INSERT INTO kioskctrl.Performance(EventId,ProviderId,[Date],[Time],VenueUID,LayoutURL)
		VALUES(:eventid, :providerid, :date, :time, :uid, :layout);
		
		DELETE FROM kioskctrl.Availability
		WHERE PerformanceId IN (
			SELECT PerformanceId
			FROM kioskctrl.Performance
			WHERE EventId=:eventid AND ProviderId=:providerid AND [Date]=:date AND [Time]=:time
		);
		
		INSERT INTO kioskctrl.Availability(PerformanceId, JSONObj)
		SELECT
			(
				SELECT PerformanceId
				FROM kioskctrl.Performance
				WHERE EventId=:eventid AND ProviderId=:providerid AND [Date]=:date AND [Time]=:time
			) AS PerformanceId,
			id AS JSONObj
		FROM temp.PreparedStringTable;			
	</Procedure>
	<Procedure name="removeEventPerformances">
		DELETE FROM kioskctrl.Performance
		WHERE 
			EventId = :eventid AND
			ProviderId = :providerid AND
			PerformanceId NOT IN (
				SELECT P.PerformanceId
				FROM kioskctrl.Performance P
				JOIN (
					SELECT	:eventid AS EventId,
							:providerid AS ProviderId,
							JSONGet("dt",id) AS [Date],
							JSONGet("tm",id) AS [Time]
					FROM temp.PreparedStringTable
				)	T
					ON	P.EventId=T.EventId AND
						P.ProviderId=T.ProviderId AND
						P.[Date]=T.[Date] AND
						P.[Time]=T.[Time]
			);
	</Procedure>
	<Procedure name="addUpdateKioskAttribute">
		SELECT [Value] AS previousValue 
		FROM kioskctrl.KioskCustomAttributes
		WHERE Name=:name;
		
		INSERT OR REPLACE INTO kioskctrl.KioskCustomAttributes(Name,[Value])
		VALUES(:name, :value);
	</Procedure>
	<Procedure name="getKioskAttribute">
		SELECT [Value] AS value 
		FROM kioskctrl.KioskCustomAttributes
		WHERE Name=:name;
	</Procedure>
	<Procedure name="getCategoriesList">
		-- Returns a JSON array of objects containing the Category description and a list of Unique Identifiers for later usage.
		-- Each Unique identifier corresponds to a particular category of a event provider.
		SELECT
			'['||GROUP_CONCAT(
				'{"name": "'||JSONEscape(T.Name)||'", "UIDs": ['||T.CategoryUIDs||']}'
			)||']' AS json
		FROM (
			SELECT 
				Category.Name AS Name,
				GROUP_CONCAT(Category._ROWID_) AS CategoryUIDs 
			FROM kioskctrl.Category Category
			GROUP BY TRIM(LOWER(Category.Name))
		)	T;
	</Procedure>
	<Procedure name="getEventsByCategoryUID">
		-- Retrieves the events that matches the list of UIDs passed (temp.PreparedIntegerTable).
		-- Returns a list of Events brief information, images (+ tags) and the performance date/time.
		SELECT
			'['||COALESCE(GROUP_CONCAT(
				'{"id": "'||Events.EventId||
				'", "providerId": "'||Events.ProviderId||
				'", "title": "'||JSONEscape(Events.EventTitle)||
				'", "description": "'||JSONEscape(Events.EventDescription)||
				'", "images": '||Events.EventImages||
				', "performances": '||Events.EventPerformances||'}'
			),'')||']' AS json
		FROM (
			SELECT
				Event.Id AS EventId,
				Event.ProviderId AS ProviderId,
				Event.Title AS EventTitle,
				Event.Description AS EventDescription,
				(
					SELECT '['||GROUP_CONCAT('{"url": "'||JSONEscape(I.URL)||'", "tags": '||I.Tags||'}')||']'
					FROM (
						SELECT EventImage.Id AS Id, EventImage.URL AS URL, '['||GROUP_CONCAT('"'||JSONEscape(ImageTag.Tag)||'"')||']' AS Tags
						FROM kioskctrl.EventImage EventImage
						LEFT JOIN kioskctrl.ImageTag ImageTag ON ImageTag.ImageId=EventImage.Id
						WHERE EventImage.EventId=Event.Id AND EventImage.ProviderId=Event.ProviderId
						GROUP BY EventImage.Id
					)	I
				) AS EventImages,
				COALESCE((
					SELECT '['||GROUP_CONCAT('{"id": '||Performance.PerformanceId||', "date": "'||Performance.[Date]||'", "time": "'||Performance.[Time]||'"}')||']'
					FROM kioskctrl.Performance Performance
					WHERE Performance.EventId=Event.Id AND Performance.ProviderId=Event.ProviderId
				),'[]') AS EventPerformances
			FROM
				kioskctrl.Category Category
			JOIN
				kioskctrl.EventCategory EventCategory
				ON	EventCategory.CategoryId=Category.Id AND
					EventCategory.ProviderId=Category.ProviderId
			JOIN
				kioskctrl.Event Event
				ON	Event.Id=EventCategory.EventId AND
					Event.ProviderId=EventCategory.ProviderId
			WHERE
				Category._ROWID_ IN (SELECT id FROM temp.PreparedIntegerTable)
		)	Events;
	</Procedure>
	<Procedure name="getEventDetails">
		-- Retrieves a JSON object containing extra information about an event
		SELECT
			(
				'{"id": "'||E.EventId||
				'","providerId": "'||E.ProviderId||
				'","title": "'||JSONEscape(E.EventTitle)||
				'","description": "'||JSONEscape(E.EventDescription)||
				'","performances": '||E.EventPerformances||
				',"venues": '||E.EventVenues||'}'
			) AS json
		FROM (
			SELECT
				Event.Id AS EventId,
				Event.ProviderId AS ProviderId,
				Event.Title AS EventTitle,
				Event.Description AS EventDescription,
				COALESCE((
					SELECT '['||GROUP_CONCAT(
						'{"id": '||Performance.PerformanceId||
						',"venueUID": '||COALESCE('"'||Performance.VenueUID||'"','null')||
						',"layoutURL": '||COALESCE('"'||JSONEscape(Performance.LayoutURL)||'"','null')||
						',"date": "'||Performance.[Date]||
						'","time": "'||Performance.[Time]||'"}'
					)||']'
					FROM kioskctrl.Performance Performance
					WHERE Performance.EventId=Event.Id AND Performance.ProviderId=Event.ProviderId
				),'[]') AS EventPerformances,
				COALESCE((
					SELECT '['||GROUP_CONCAT(
						'{"uid": "'||T.UID||
						'","name": "'||JSONEscape(T.Name)||
						'","city": '||COALESCE('"'||JSONEscape(T.City)||'"','null')||
						',"state": '||COALESCE('"'||JSONEscape(T.[State])||'"','null')||
						',"country": '||COALESCE('"'||JSONEscape(T.Country)||'"','null')||
						',"address": '||COALESCE('"'||JSONEscape(T.Address)||'"','null')||
						',"zip": '||COALESCE('"'||T.ZIPCode||'"','null')||
						',"phone": '||COALESCE('"'||T.Phone||'"','null')||
						',"performances": '||T.Performances||'}'
					)||']'
					FROM (
						SELECT 
							Venue.VenueUID AS UID,
							Venue.Name AS Name,
							Venue.City AS City,
							Venue.[State] AS [State],
							Venue.Country AS Country,
							Venue.Address AS Address,
							Venue.ZIPCode AS ZIPCode,
							Venue.Phone AS Phone,
							'['||GROUP_CONCAT(Performance.PerformanceId)||']' AS Performances
						FROM kioskctrl.Performance Performance
						JOIN kioskctrl.Venue Venue ON Venue.VenueUID=Performance.VenueUID
						WHERE Performance.EventId=Event.Id AND Performance.ProviderId=Event.ProviderId
						GROUP BY Venue.VenueUID
					)	T
				),'[]') AS EventVenues
			FROM 
				kioskctrl.Event Event
			WHERE
				Event.Id = :eventId AND
				Event.ProviderId = :providerId
		)	E;
	</Procedure>
	<Procedure name="getPerformanceSectorPrices">
		-- Retrieves a JSON string representing an object with a list of available sectors and the defined prices
		-- for a particular performance
		SELECT '{"id": '||T.PerformanceId||', "availability": '||T.Availability||'}' AS json
		FROM (
			SELECT 
				Availability.PerformanceId AS PerformanceId,
				'['||GROUP_CONCAT(Availability.JSONObj)||']' AS Availability
			FROM kioskctrl.Availability Availability
			WHERE Availability.PerformanceId=CAST(:performanceId AS INTEGER)
			GROUP BY PerformanceId
		) T;
	</Procedure>
	<Procedure name="getAvailableSearchLetters">
		-- Returns a JSON array of strings
		SELECT '['||COALESCE(GROUP_CONCAT('"'||JSONEscape(T.Letter)||'"'),'')||']' AS json
		FROM (
			SELECT SUBSTR(UPPER(TRIM(Event.Title)),1,1) AS Letter
			FROM kioskctrl.Event Event
			GROUP BY Letter
		)	T;
	</Procedure>
	<Procedure name="getEventsByTitle">
		-- Retrieves the events that matches a search criteria on the Title field.
		-- Returns a list of Events brief information, images (+ tags) and the performance date/time.
		SELECT
			'['||COALESCE(GROUP_CONCAT(
				'{"id": "'||Events.EventId||
				'", "providerId": "'||Events.ProviderId||
				'", "title": "'||JSONEscape(Events.EventTitle)||
				'", "images": '||Events.EventImages||
				', "performances": '||Events.EventPerformances||'}'
			),'')||']' AS json
		FROM (
			SELECT
				Event.Id AS EventId,
				Event.ProviderId AS ProviderId,
				Event.Title AS EventTitle,
				(
					SELECT '['||GROUP_CONCAT('{"url": "'||JSONEscape(I.URL)||'", "tags": '||I.Tags||'}')||']'
					FROM (
						SELECT EventImage.Id AS Id, EventImage.URL AS URL, '['||GROUP_CONCAT('"'||JSONEscape(ImageTag.Tag)||'"')||']' AS Tags
						FROM kioskctrl.EventImage EventImage
						LEFT JOIN kioskctrl.ImageTag ImageTag ON ImageTag.ImageId=EventImage.Id
						WHERE EventImage.EventId=Event.Id AND EventImage.ProviderId=Event.ProviderId
						GROUP BY EventImage.Id
					)	I
				) AS EventImages,
				(
					SELECT '['||GROUP_CONCAT('{"id": '||Performance.PerformanceId||', "date": "'||Performance.[Date]||'", "time": "'||Performance.[Time]||'"}')||']'
					FROM kioskctrl.Performance Performance
					WHERE Performance.EventId=Event.Id AND Performance.ProviderId=Event.ProviderId
				) AS EventPerformances
			FROM
				kioskctrl.Event Event
			WHERE
				Event.Title LIKE "%"||CAST(:searchTitle AS VARCHAR)||"%"
		)	Events;
	</Procedure>
	<Procedure name="getEventsByTitleInitialLetters">
		-- Retrieves the events that matches a search criteria on the Title field.
		-- Returns a list of Events brief information, images (+ tags) and the performance date/time.
		SELECT
			'['||COALESCE(GROUP_CONCAT(
				'{"id": "'||Events.EventId||
				'", "providerId": "'||Events.ProviderId||
				'", "title": "'||JSONEscape(Events.EventTitle)||
				'", "images": '||Events.EventImages||
				', "performances": '||Events.EventPerformances||'}'
			),'')||']' AS json
		FROM (
			SELECT
				Event.Id AS EventId,
				Event.ProviderId AS ProviderId,
				Event.Title AS EventTitle,
				(
					SELECT '['||GROUP_CONCAT('{"url": "'||JSONEscape(I.URL)||'", "tags": '||I.Tags||'}')||']'
					FROM (
						SELECT EventImage.Id AS Id, EventImage.URL AS URL, '['||GROUP_CONCAT('"'||JSONEscape(ImageTag.Tag)||'"')||']' AS Tags
						FROM kioskctrl.EventImage EventImage
						LEFT JOIN kioskctrl.ImageTag ImageTag ON ImageTag.ImageId=EventImage.Id
						WHERE EventImage.EventId=Event.Id AND EventImage.ProviderId=Event.ProviderId
						GROUP BY EventImage.Id
					)	I
				) AS EventImages,
				(
					SELECT '['||GROUP_CONCAT('{"id": '||Performance.PerformanceId||', "date": "'||Performance.[Date]||'", "time": "'||Performance.[Time]||'"}')||']'
					FROM kioskctrl.Performance Performance
					WHERE Performance.EventId=Event.Id AND Performance.ProviderId=Event.ProviderId
				) AS EventPerformances
			FROM
				kioskctrl.Event Event
			WHERE
				SUBSTR(UPPER(TRIM(Event.Title)),1,1) IN (
					SELECT id FROM temp.PreparedStringTable
				)
		)	Events;
	</Procedure>
	<Procedure name="getEventsByDate">
		SELECT
			'['||COALESCE(GROUP_CONCAT(
				'{"id": "'||Events.EventId||
				'", "providerId": "'||Events.ProviderId||
				'", "title": "'||JSONEscape(Events.EventTitle)||
				'", "images": '||Events.EventImages||
				', "performances": '||Events.EventPerformances||'}'
			),'')||']' AS json
		FROM (
			SELECT
				Event.Id AS EventId,
				Event.ProviderId AS ProviderId,
				Event.Title AS EventTitle,
				(
					SELECT '['||GROUP_CONCAT('{"url": "'||JSONEscape(I.URL)||'", "tags": '||I.Tags||'}')||']'
					FROM (
						SELECT EventImage.Id AS Id, EventImage.URL AS URL, '['||GROUP_CONCAT('"'||JSONEscape(ImageTag.Tag)||'"')||']' AS Tags
						FROM kioskctrl.EventImage EventImage
						LEFT JOIN kioskctrl.ImageTag ImageTag ON ImageTag.ImageId=EventImage.Id
						WHERE EventImage.EventId=Event.Id AND EventImage.ProviderId=Event.ProviderId
						GROUP BY EventImage.Id
					)	I
				) AS EventImages,
				(
					SELECT '['||GROUP_CONCAT('{"id": '||Performance.PerformanceId||', "date": "'||Performance.[Date]||'", "time": "'||Performance.[Time]||'"}')||']'
					FROM kioskctrl.Performance Performance
					WHERE Performance.EventId=Event.Id AND Performance.ProviderId=Event.ProviderId
				) AS EventPerformances
			FROM
				kioskctrl.Event Event
			WHERE
				Event._ROWID_ IN (
					SELECT DISTINCT E._ROWID_
					FROM kioskctrl.Event E
					JOIN kioskctrl.Performance P ON P.EventId=E.Id AND P.ProviderId=E.ProviderId
					WHERE P.[Date] = :searchDate  
				)
		)	Events;
	</Procedure>
	<Procedure name="createKioskTransaction">
		INSERT INTO kioskctrl.KioskTransaction(State, StartTS) VALUES(0, datetime('now','utc'));		
		SELECT MAX(KTrnId) FROM kioskctrl.KioskTransaction; 
	</Procedure>
	<Procedure name="checkTransactionItemParameters">
		SELECT T.ErrCode, T.ErrMsg
		FROM (
			SELECT 11 AS ErrCode, 'Invalid kiosk transaction identification: '||(:ktrnid) AS ErrMsg WHERE NOT EXISTS (SELECT 1 FROM kioskctrl.KioskTransaction WHERE KTrnId=CAST(:ktrnid AS INTEGER))
			UNION ALL
			SELECT 12 AS ErrCode, 'Invalid provider identification: '||(:providerid) AS ErrMsg WHERE NOT EXISTS (SELECT 1 FROM kioskctrl.Provider WHERE Id=:providerid)
			UNION ALL
			SELECT 13 AS ErrCode, 'Invalid event identification: '||(:eventid) AS ErrMsg WHERE NOT EXISTS (SELECT 1 FROM kioskctrl.Event WHERE Id=:eventid AND ProviderId=:providerid)
			UNION ALL
			SELECT 14 AS ErrCode, 'Invalid performance identification: '||(:performanceid) AS ErrMsg WHERE NOT EXISTS (SELECT 1 FROM kioskctrl.Performance WHERE PerformanceId=CAST(:performanceid AS INTEGER))
			UNION ALL
			SELECT 15 AS ErrCode, 'Invalid sector identification: '||(:sectorid) AS ErrMsg WHERE NOT EXISTS (SELECT 1 FROM kioskctrl.Availability WHERE PerformanceId=CAST(:performanceid AS INTEGER) AND JSONGet('sector_id',JSONObj)=:sectorid)
			UNION ALL
			SELECT 16 AS ErrCode, 'Invalid price label: '||(:pricelabel) AS ErrMsg WHERE NOT EXISTS (SELECT 1 FROM (SELECT LIKE('%"'||(:pricelabel)||'"%',JSONGet('prices',JSONObj)) AS Label FROM kioskctrl.Availability WHERE PerformanceId=CAST(:performanceid AS INTEGER) AND JSONGet('sector_id',JSONObj)=:sectorid) T WHERE T.Label>0)
			UNION ALL
			SELECT 17 AS ErrCode, 'Invalid quantity: '||(:quantity) AS ErrMsg WHERE NOT EXISTS (SELECT 1 WHERE CAST(:quantity AS INTEGER) &gt;= -1)
		) T
		LIMIT 1;  
	</Procedure>
	<Procedure name="getPerformancePrices">
		SELECT JSONObj AS json
		FROM kioskctrl.Availability
		WHERE
			PerformanceId=CAST(:performanceid AS INTEGER) AND
			JSONGet("sector_id", JSONObj)=:sectorid; 
	</Procedure>
	<Procedure name="getPerformanceDateTime">
		SELECT [Date], [Time]
		FROM kioskctrl.Performance
		WHERE PerformanceId=CAST(:performanceid as INTEGER);
	</Procedure>
	<Procedure name="doKioskGenericTransaction">
		-- Implements the generic transaction, not enforcing any event/performance relation in the database.
		-- Used in special situations where the provider is not managed by MW:POS Kiosk Web site (e.g. Itapemirim).
		INSERT INTO kioskctrl.KioskTransactionItem(KTrnId, EventId, ProviderId, EventDate, EventTime, PerformanceId, SectorId, PriceLbl, UnitAmount, Quantity, TrnAmount, ReservationId)
		SELECT
			CAST(:ktrnid AS INTEGER), 
			COALESCE(:eventid,''), 
			COALESCE(:providerid,''), 
			:eventdate, 
			:eventtime, 
			COALESCE(CAST(:performanceid AS INTEGER),0), 
			COALESCE(:sectorid,''), 
			COALESCE(:pricelabel,''), 
			:unitamount, 
			CAST(:quantity AS INTEGER), 
			:trnamount, 
			NULL
		WHERE EXISTS (
			SELECT 1 FROM kioskctrl.KioskTransaction WHERE KTrnId=CAST(:ktrnid AS INTEGER)
		) AND CAST(:quantity AS INTEGER)>0
		UNION ALL
		SELECT
			KTrnId,
			EventId,
			ProviderId,
			EventDate,
			EventTime,
			PerformanceId,
			SectorId,
			PriceLbl,
			UnitAmount,
			(Quantity*-1),
			TDMUL(UnitAmount,(Quantity*-1),2,1),
			ReservationId
		FROM
			kioskctrl.KioskTransactionItem
		WHERE _ROWID_ IN (
			SELECT 
				_ROWID_ AS Id
			FROM 
				kioskctrl.KioskTransactionItem 
			WHERE 
				KTrnId=CAST(:ktrnid AS INTEGER) AND 
				EventId=COALESCE(:eventid,'') AND 
				ProviderId=COALESCE(:providerid,'') AND
				PerformanceId=COALESCE(CAST(:performanceid AS INTEGER),0) AND
				SectorId=COALESCE(:sectorid,'') AND 
				PriceLbl=COALESCE(:pricelabel,'') AND 
				Quantity>0
			LIMIT COALESCE(NULLIF(ABS(CAST(:quantity AS INTEGER)),0),-1)
		) AND CAST(:quantity AS INTEGER) &lt;= 0;
		
		SELECT	COALESCE('['||GROUP_CONCAT('"'||ReservationId||'"')||']','[]') AS json,
				MIN(KTrnItemId) AS MinItemId,
				MAX(KTrnItemId) AS MaxItemId
		FROM 
			kioskctrl.KioskTransactionItem
		WHERE 
			KTrnId=CAST(:ktrnid AS INTEGER) AND
			KTrnItemId 
				BETWEEN (SELECT MAX(LastTrnItemId)+1 FROM kioskctrl.KioskTransaction WHERE KTrnId=CAST(:ktrnid AS INTEGER)) AND
						(SELECT MAX(KTrnItemId) FROM kioskctrl.KioskTransactionItem WHERE KTrnId=CAST(:ktrnid AS INTEGER));
					
		UPDATE kioskctrl.KioskTransaction
		SET 
			TotalAmount = (
				SELECT TDSUM(TrnAmount,2,1) FROM kioskctrl.KioskTransactionItem WHERE KTrnId=CAST(:ktrnid AS INTEGER)
			),
			LastTrnItemId = (
				SELECT MAX(KTrnItemId) FROM kioskctrl.KioskTransactionItem WHERE KTrnId=CAST(:ktrnid AS INTEGER)
			)
		WHERE 
			KTrnId=CAST(:ktrnid AS INTEGER);
	</Procedure>
	<Procedure name="doKioskTransaction">
		-- Updates the current kiosk transaction (adding or removing items)
		-- A JSON string representing an array of reservation ID's is returned in case of cancelled reservations.
		INSERT INTO kioskctrl.KioskTransactionItem(KTrnId, EventId, ProviderId, EventDate, EventTime, PerformanceId, SectorId, PriceLbl, UnitAmount, Quantity, TrnAmount, ReservationId)
		SELECT
			CAST(:ktrnid AS INTEGER) AS KTrnId, 
			:eventid AS EventId, 
			:providerid AS ProviderId, 
			(SELECT [Date] FROM kioskctrl.Performance WHERE PerformanceId=CAST(:performanceid AS INTEGER)) AS EventDate, 
			(SELECT [Time] FROM kioskctrl.Performance WHERE PerformanceId=CAST(:performanceid AS INTEGER)) AS EventTime,
			CAST(:performanceid AS INTEGER) AS PerformanceId, 
			:sectorid AS SectorId, 
			:pricelabel AS PriceLabel, 
			:unitamount, 
			CAST(:quantity AS INTEGER) AS Quantity, 
			:trnamount,
			NULL
		WHERE EXISTS (
			SELECT 1 FROM kioskctrl.KioskTransaction WHERE KTrnId=CAST(:ktrnid AS INTEGER)
		) AND CAST(:quantity AS INTEGER)>0
		UNION ALL
		SELECT
			KTrnId,
			EventId,
			ProviderId,
			EventDate,
			EventTime,
			PerformanceId,
			SectorId,
			PriceLbl,
			UnitAmount,
			(Quantity*-1),
			TDMUL(UnitAmount,(Quantity*-1),2,1),
			ReservationId
		FROM
			kioskctrl.KioskTransactionItem
		WHERE _ROWID_ IN (
			SELECT 
				_ROWID_ AS Id
			FROM 
				kioskctrl.KioskTransactionItem 
			WHERE 
				KTrnId=CAST(:ktrnid AS INTEGER) AND 
				EventId=:eventid AND 
				ProviderId=:providerid AND
				PerformanceId=CAST(:performanceid AS INTEGER) AND
				SectorId=:sectorid AND 
				PriceLbl=:pricelabel AND 
				Quantity>0
			LIMIT COALESCE(NULLIF(ABS(CAST(:quantity AS INTEGER)),0),-1)
		) AND CAST(:quantity AS INTEGER) &lt;= 0;
		
		SELECT COALESCE('['||GROUP_CONCAT('"'||ReservationId||'"')||']','[]') AS json
		FROM 
			kioskctrl.KioskTransactionItem
		WHERE
			KTrnId=CAST(:ktrnid AS INTEGER) AND
			KTrnItemId 
				BETWEEN (SELECT MAX(LastTrnItemId)+1 FROM kioskctrl.KioskTransaction WHERE KTrnId=CAST(:ktrnid AS INTEGER)) AND
						(SELECT MAX(KTrnItemId) FROM kioskctrl.KioskTransactionItem WHERE KTrnId=CAST(:ktrnid AS INTEGER));
		
		UPDATE kioskctrl.KioskTransaction
		SET 
			TotalAmount = (
				SELECT TDSUM(TrnAmount,2,1) FROM kioskctrl.KioskTransactionItem WHERE KTrnId=CAST(:ktrnid AS INTEGER)
			),
			LastTrnItemId = (
				SELECT MAX(KTrnItemId) FROM kioskctrl.KioskTransactionItem WHERE KTrnId=CAST(:ktrnid AS INTEGER)
			)
		WHERE 
			KTrnId=CAST(:ktrnid AS INTEGER);
	</Procedure>
	<Procedure name="updateLastKioskTransactionItem">
		UPDATE kioskctrl.KioskTransactionItem
		SET ReservationId=:reservationId
		WHERE KTrnItemId = (
			SELECT LastTrnItemId FROM kioskctrl.KioskTransaction WHERE KTrnId=CAST(:ktrnid AS INTEGER) LIMIT 1
		);
	</Procedure>
	<Procedure name="kioskTransactionPicture">
		-- Returns a JSON object containing all the current kiosk transaction information
		SELECT
			'{"ktrnid": '||KioskTransaction.KTrnId||
			',"totalAmount": "'||KioskTransaction.TotalAmount||
			'","items": '||I.Items||'}' AS json
		FROM
			kioskctrl.KioskTransaction KioskTransaction, (
				SELECT
					'['||GROUP_CONCAT(
						'{"eventId": "'||T.EventId||
						'", "providerId": "'||T.ProviderId||
						'", "title": "'||JSONEscape(T.EventTitle)||
						'", "date": "'||T.EventDate||
						'", "time": "'||T.EventTime||
						'", "sectorId": "'||T.SectorId||
						'", "sectorDescr": "'||JSONEscape(T.SectorDescr)||
						'", "priceLbl": "'||T.PriceLbl||
						'", "unitAmt": "'||T.UnitAmount||
						'", "quantity": '||T.Quantity||
						', "lineAmt": "'||T.TrnAmount||'"}'
					)||']' AS Items
				FROM (
					SELECT
						I.EventId AS EventId,
						I.ProviderId AS ProviderId,
						COALESCE((SELECT Title FROM kioskctrl.Event WHERE Id=I.EventId AND ProviderId=I.ProviderId LIMIT 1),'') AS EventTitle,
						I.EventDate AS EventDate,
						I.EventTime AS EventTime,
						I.SectorId AS SectorId,
						COALESCE((SELECT JSONGet('sector',JSONObj) FROM kioskctrl.Availability WHERE PerformanceId=I.PerformanceId AND JSONGet('sector_id', JSONObj)=I.SectorId LIMIT 1),'') AS SectorDescr,
						I.PriceLbl AS PriceLbl,
						I.UnitAmount AS UnitAmount,
						SUM(I.Quantity) AS Quantity,
						TDSUM(I.TrnAmount,2,1) AS TrnAmount
					FROM
						kioskctrl.KioskTransactionItem I
					WHERE
						KTrnId = CAST(:ktrnid AS INTEGER)
					GROUP BY 
						EventId,ProviderId,EventDate,EventTime,SectorId,PriceLbl
				)	T
				WHERE
					T.Quantity>0
			)	I
		WHERE
			KioskTransaction.KTrnId=CAST(:ktrnid AS INTEGER);
	</Procedure>
	<Procedure name="getKioskTransactionItem">
		SELECT
			EventId,
			ProviderId,
			EventDate,
			EventTime,
			PerformanceId,
			SectorId,
			PriceLbl,
			UnitAmount,
			Quantity,
			TrnAmount,
			ReservationId
		FROM		
			kioskctrl.KioskTransactionItem
		WHERE
			COALESCE(CAST(:ktrnitemid AS INTEGER),-1) > 0 AND
			KTrnId = CAST(:ktrnid AS INTEGER) AND
			KTrnItemId = COALESCE(CAST(:ktrnitemid AS INTEGER),-1)
		UNION ALL
		SELECT
			EventId,
			ProviderId,
			EventDate,
			EventTime,
			PerformanceId,
			SectorId,
			PriceLbl,
			UnitAmount,
			Quantity,
			TrnAmount,
			ReservationId
		FROM		
			kioskctrl.KioskTransactionItem
		WHERE
			COALESCE(CAST(:ktrnitemid AS INTEGER),-1) &lt; 0 AND
			KTrnId = CAST(:ktrnid AS INTEGER) AND
			ReservationId=COALESCE(:reservationid, ReservationId);
	</Procedure>
	<Procedure name="kioskTransactionTotal">
		SELECT
			KioskTransaction.KTrnId AS OrderId,
			KioskTransaction.TotalAmount AS Amount,
			strftime('%Y%m%d', KioskTransaction.StartTS, 'localtime') AS BusinessPeriod,
			strftime('%H%M%S', KioskTransaction.StartTS, 'localtime') AS FiscalTime
		FROM
			kioskctrl.KioskTransaction KioskTransaction
		WHERE
			KioskTransaction.KTrnId = CAST(:ktrnid AS INTEGER);
	</Procedure>
	<Procedure name="kioskPaymentPicture">
		SELECT
			KioskTransaction.KTrnId AS OrderId,
			KioskTransaction.TotalAmount AS Amount,
			strftime('%Y%m%d', KioskTransaction.StartTS, 'localtime') AS BusinessPeriod,
			strftime('%H%M%S', KioskTransaction.StartTS, 'localtime') AS FiscalTime,
			(
				SELECT
					GROUP_CONCAT(
						('['||substr((T.SectorId||'-'||T.PriceLbl),1,14)||';'||T.ProductCode||';'||T.Quantity||';'||T.LineAmount||']'),
						';'
					)
				FROM (
					SELECT
						EventId,ProviderId,EventDate,EventTime,SectorId,PriceLbl,
						MAX(_ROWID_) AS ProductCode,
						SUM(Quantity) AS Quantity,
						TDSUM(TrnAmount,2,1) AS LineAmount
					FROM
						kioskctrl.KioskTransactionItem
					WHERE
						KTrnId=CAST(:ktrnid AS INTEGER)
					GROUP BY EventId,ProviderId,EventDate,EventTime,SectorId,PriceLbl
				)	T
			) AS Products
		FROM
			kioskctrl.KioskTransaction KioskTransaction
		WHERE
			KioskTransaction.KTrnId=CAST(:ktrnid AS INTEGER);
	</Procedure>
	<Procedure name="startKioskPayment">
		UPDATE kioskctrl.KioskTransaction
		SET State = 1
		WHERE KTrnId=CAST(:ktrnid AS INTEGER);
	</Procedure>
	<Procedure name="addUpdateKioskTransactionData">
		INSERT OR REPLACE INTO kioskctrl.KioskTransactionData(KTrnId, Key, Value)
		VALUES(CAST(:ktrnid AS INTEGER), :key, :value);
	</Procedure>
	<Procedure name="getKioskTransactionData">
		SELECT 
			Value 
		FROM 
			kioskctrl.KioskTransactionData
		WHERE
			KTrnId=CAST(:ktrnid AS INTEGER) AND
			Key=:key;
	</Procedure>
	<Procedure name="finalizeKioskPayment">
		UPDATE kioskctrl.KioskTransaction
		SET 
			State = (CASE WHEN COALESCE(CAST(:retcode AS INTEGER),0) = 0 THEN 2 ELSE 3 END), 
			EFTReturnCode=COALESCE(CAST(:retcode AS INTEGER),0), 
			FinishTS=datetime('now','utc')
		WHERE KTrnId=CAST(:ktrnid AS INTEGER);
		
		SELECT
			KioskTransaction.KTrnId AS OrderId,
			strftime('%Y%m%d', KioskTransaction.StartTS, 'localtime') AS BusinessPeriod,
			strftime('%H%M%S', KioskTransaction.StartTS, 'localtime') AS FiscalTime,
			(
				SELECT 
					'['||GROUP_CONCAT(
						'{"providerId": "'||T.ProviderId||'", "reservationId": "'||T.ReservationId||'"}'
					)||']'
				FROM (
					SELECT
						ProviderId, ReservationId
					FROM
						kioskctrl.KioskTransactionItem
					WHERE
						KTrnId=CAST(:ktrnid AS INTEGER) AND
						ReservationId IS NOT NULL
					GROUP BY ProviderId, ReservationId
					HAVING SUM(Quantity)>0
				)	T
			) AS Reservations
		FROM
			kioskctrl.KioskTransaction KioskTransaction
		WHERE
			KioskTransaction.KTrnId=CAST(:ktrnid AS INTEGER);
	</Procedure>
	<Procedure name="cancelLatestKioskTransaction">
		SELECT 
			MAX(KTrnId) AS KTrnId,
			COALESCE((
				SELECT 
					'['||GROUP_CONCAT(
						'{"providerId": "'||T.ProviderId||'", "reservationId": "'||T.ReservationId||'"}'
					)||']'
				FROM (
					SELECT
						ProviderId, ReservationId
					FROM
						kioskctrl.KioskTransactionItem
					WHERE
						KTrnId=(SELECT MAX(KTrnId) FROM kioskctrl.KioskTransaction WHERE State&lt;2) AND
						ReservationId IS NOT NULL
					GROUP BY ProviderId, ReservationId
					HAVING SUM(Quantity)>0
				)	T
			),'[]') AS Reservations
		FROM kioskctrl.KioskTransaction 
		WHERE State&lt;2; 
	
		UPDATE kioskctrl.KioskTransaction
		SET State=3, FinishTS=datetime('now','utc'), EFTReturnCode=NULL
		WHERE KTrnId=(SELECT MAX(KTrnId) FROM kioskctrl.KioskTransaction WHERE State&lt;2);
	</Procedure>
	<Procedure name="kioskTransactionReport">
		SELECT
			T.OrderId AS OrderId,
			(SELECT Value FROM kioskctrl.KioskTransactionData WHERE KtrnId=T.OrderId AND Key=COALESCE(:autkey,'TYPE=133')) AS NSUSitef,
			T.BusinessPeriod AS BusinessPeriod,
			T.FiscalTime AS FiscalTime,
			CASE T.State 
				WHEN 0 THEN 'OPENED' 
				WHEN 1 THEN 'PAYING' 
				WHEN 2 THEN 'PAID' 
				ELSE 'CANCEL'
			END AS State,
			T.TotalAmount AS TotalAmount,
			T.ProviderId AS ProviderId,
			(SELECT Name FROM kioskctrl.Provider WHERE ProviderId=T.ProviderId) AS ProviderName,
			T.EventId AS EventId,
			(SELECT Title FROM kioskctrl.Event WHERE Id=T.EventId AND ProviderId=T.ProviderId) AS EventTitle,
			T.PerformanceId AS PerformanceId,
			(SELECT ([Date]||' '||[Time]) FROM kioskctrl.Performance WHERE PerformanceId=T.PerformanceId) AS EventDatetime,
			(SELECT Name FROM kioskctrl.Venue WHERE VenueUID=(SELECT VenueUID FROM kioskctrl.Performance WHERE PerformanceId=T.PerformanceId)) AS EventVenueName,
			T.SectorId AS SectorId,
			(SELECT JSONGet('sector', JSONObj) FROM kioskctrl.Availability WHERE PerformanceId=T.PerformanceId AND JSONGet('sector_id', JSONObj)=T.SectorId) AS SectorDescr,
			T.PriceLbl AS PriceLbl,
			T.Quantity AS Quantity,
			T.LineAmount AS LineAmount
		FROM (
			SELECT
				KioskTransaction.KTrnId AS OrderId,
				DATE(KioskTransaction.StartTS, 'localtime') AS BusinessPeriod,
				TIME(KioskTransaction.StartTS, 'localtime') AS FiscalTime,
				KioskTransaction.State AS State,
				KioskTransaction.TotalAmount AS TotalAmount,
				KioskTransactionItem.EventId AS EventId,
				KioskTransactionItem.ProviderId AS ProviderId,
				KioskTransactionItem.PerformanceId AS PerformanceId,
				KioskTransactionItem.SectorId AS SectorId,
				KioskTransactionItem.PriceLbl AS PriceLbl,
				SUM(KioskTransactionItem.Quantity) AS Quantity,
				TDSUM(KioskTransactionItem.TrnAmount,2,1) AS LineAmount
			FROM
				kioskctrl.KioskTransaction KioskTransaction
			LEFT JOIN
				kioskctrl.KioskTransactionItem KioskTransactionItem
				ON KioskTransactionItem.KTrnId=KioskTransaction.KTrnId
			WHERE
				KioskTransaction.KTrnId=CAST(:ktrnid AS INTEGER)
			GROUP BY OrderId, ProviderId, EventId, PerformanceId, SectorId, PriceLbl
		)	T
		WHERE
			T.Quantity&gt;0
		ORDER BY OrderId, ProviderId, EventId, PerformanceId, SectorId, PriceLbl;
	</Procedure>
	<Procedure name="kioskTransactionEFTReport">
		SELECT Value AS Report
		FROM kioskctrl.KioskTransactionData
		WHERE KTrnId=CAST(:ktrnid AS INTEGER) AND Key="TYPE=121";
	</Procedure>
	<Procedure name="getNextKioskTransactionPicture">
		SELECT
			KTrnPictId,
			GeneralInfo,
			TransactionItems,
			TransactionData
		FROM
			kioskctrl.KioskTransactionPicture
		WHERE
			KTrnPictId = (
				SELECT
					MIN(KTrnPictId)
				FROM 
					kioskctrl.KioskTransactionPicture
				WHERE
					Consumed='N'
			);
	</Procedure>
	<Procedure name="setKioskTransactionPictureConsumed">
		UPDATE kioskctrl.KioskTransactionPicture
		SET Consumed='Y'
		WHERE KTrnPictId=CAST(:ktrnpictid AS INTEGER);
	</Procedure>
</Procedures>
