<?xml version="1.0" encoding="UTF-8"?>
<!--
	Module Name: procs_production.xml
	Module Description: Procedures used by the Production System component

	Copyright © 2010 MWneo Corporation

	$Id: productionprocs.xml 5930 2010-02-03 12:13:59Z rrosauro $
	$Revision: 5930 $
	$Date: 2010-02-03 10:13:59 -0200 (Wed, 03 Feb 2010) $
	Created by: amerolli Last Modified by: $Author: rrosauro $
-->
<Procedures>
	<!--

    //_SELECT_PAST_HOURS  = "SELECT strftime('%%Y-%%m-%%dT%%H:%%M:%%S','now','-%d hours')"
    //_DELETE_PAST_HOURS  = "DELETE FROM production.ProductionOrders WHERE Purged AND CreatedAt < DATETIME('now','-%d hours')"
    //_UPDATE_PURGE_IN    = "UPDATE production.ProductionOrders SET Purged=1 WHERE NOT Purged AND OrderId IN %s\0"
    //_INSERT_ORDER       = "INSERT OR REPLACE INTO production.ProductionOrders(OrderId, Object, CreatedAt) VALUES (%d, '%s', strftime('%%Y-%%m-%%dT%%H:%%M:%%f','now'))\0"
    //_DELETE_ORDER       = "DELETE FROM production.ProductionOrders WHERE OrderId=%d"
    //_INSERT_STATUS      = "INSERT OR REPLACE INTO production.PersistentStatus(StatusKey, StatusVal, IsObject) VALUES ('%s', '%s', %d)\0"
    //_DELETE_STATUS      = "DELETE FROM production.PersistentStatus WHERE StatusKey='%s'\0"
    //_SELECT_STATUS      = "SELECT StatusKey, StatusVal, IsObject FROM production.PersistentStatus"
    //_SELECT_PRODINFO    = "SELECT ProductCode,JITLines,ShowOnKitchen,Expiration FROM productdb.Production"
    //_DELETE_OLDEVENTS   = "DELETE FROM production.EventLog WHERE OrderId<(SELECT MIN(OrderId) from production.ProductionOrders)\0"
    _INSERT_EVENT       = "INSERT INTO production.EventLog(OrderId,Period,ProdBox,QueueName,EventType,EventData,DateTime) VALUES (%d,%d,%s,%s,%s,%s,strftime('%%Y-%%m-%%dT%%H:%%M:%%f','now'));"\
                        + "SELECT DateTime FROM production.EventLog WHERE Id=(SELECT MAX(Id) FROM production.EventLog)"

	 -->
	<Procedure name="selectProductionOrders">
		SELECT OrderId, Object FROM production.ProductionOrders WHERE NOT Purged LIMIT :limit OFFSET :offset;
	</Procedure>
	<Procedure name="selectTimestampFromNow">
		SELECT strftime('%Y-%m-%dT%H:%M:%S','now', 'localtime', :hours, :minutes);
	</Procedure>
	<Procedure name="deleteOldProductionOrders">
		DELETE FROM production.ProductionOrders WHERE Purged AND CreatedAt &lt; DATETIME('now',:timedelta);
	</Procedure>
	<Procedure name="purgeProductionOrders">
		UPDATE production.ProductionOrders SET Purged=1 WHERE NOT Purged AND OrderId IN (SELECT id FROM temp.PreparedIntegerTable);
	</Procedure>
	<Procedure name="saveProductionOrder">
		INSERT OR REPLACE INTO production.ProductionOrders(OrderId, Object, CreatedAt) VALUES (:orderid, :object, strftime('%Y-%m-%dT%H:%M:%f','now'));
	</Procedure>
	<Procedure name="deleteProductionOrder">
		DELETE FROM production.ProductionOrders WHERE OrderId=:orderid;
	</Procedure>
	<Procedure name="writeProductionPersistentStatus">
		INSERT OR REPLACE INTO production.PersistentStatus(StatusKey, StatusVal, IsObject) VALUES (:key, :value, :isobject);
	</Procedure>
	<Procedure name="deleteProductionPersistentStatus">
		DELETE FROM production.PersistentStatus WHERE StatusKey=:key;
	</Procedure>
	<Procedure name="selectProductionPersistentStatus">
		SELECT StatusKey, StatusVal, IsObject FROM production.PersistentStatus;
	</Procedure>
	<Procedure name="deleteOldProductionEvents">
		DELETE FROM production.EventLog WHERE DateTime &lt; DATETIME('now',:timedelta);
	</Procedure>
	<Procedure name="insertProductionEvent">
		INSERT INTO
            production.EventLog(OrderId,Period,ProdBox,QueueName,EventType,EventData,DateTime, EventDetail)
            VALUES (:orderid,:period,:prodbox,:queue,:event_type,:event_data,strftime('%Y-%m-%dT%H:%M:%f','now'), :event_detail);

		SELECT DateTime FROM production.EventLog WHERE Id=(SELECT MAX(Id) FROM production.EventLog)
	</Procedure>
    <Procedure name="savePendingOrder">
        INSERT OR REPLACE INTO production.PendingOrders(OrderId, Xml, LastUpdate) VALUES (:orderid, :xml, strftime('%Y-%m-%dT%H:%M:%f','now'));
    </Procedure>
    <Procedure name="getPendingOrder">
        SELECT Xml FROM production.PendingOrders WHERE OrderId =:orderid AND NOT Purged;
    </Procedure>
    <Procedure name="selectOldProductionOrders">
        SELECT OrderId FROM production.ProductionOrders WHERE Purged AND CreatedAt &lt; DATETIME('now',:timedelta);
    </Procedure>
    <Procedure name="purgePendingOrders">
        UPDATE production.PendingOrders SET Purged=1 WHERE OrderId IN (SELECT id FROM temp.PreparedIntegerTable);
    </Procedure>
    <Procedure name="deletePendingOrders">
        DELETE FROM production.PendingOrders WHERE OrderId IN (SELECT id FROM temp.PreparedIntegerTable);
    </Procedure>
    <Procedure name="selectOrderDisplayTime">
    SELECT DisplayTime FROM OrderStatistics WHERE Queue = :queue_name AND OrderId = :order_id;
    </Procedure>
    <Procedure name="insertOrderStatistics">
        INSERT INTO production.OrderStatistics(Period, Queue, OrderId, DisplayTime) VALUES (:period, :queue_name, :order_id, :display_time);
    </Procedure>
    <Procedure name="updateOrderStatistics">
        UPDATE production.OrderStatistics SET DisplayTime = :display_time WHERE Queue = :queue_name AND OrderId = :order_id;
    </Procedure>
    <Procedure name="selectOrderStatistics">
        SELECT
            COUNT(OrderId) AS ServedQty,
            AVG(DisplayTime) AS Average
        FROM production.OrderStatistics
        WHERE Period = :period AND Queue = :queue_name;
    </Procedure>
    <Procedure name="deleteOldOrderStatistics">
        DELETE FROM production.OrderStatistics WHERE DATETIME(SUBSTR(Period, 1, 4)||'-'||SUBSTR(Period, 5, 2)||'-'||SUBSTR(Period, 7)) &lt; DATETIME('now', :timedelta);
    </Procedure>
    <Procedure name="selectTagDisplayTime">
        SELECT DisplayTime FROM production.TagStatistics WHERE Queue = :queue_name AND OrderId = :order_id AND LineId = :line_id;
    </Procedure>
    <Procedure name="insertTagStatistics">
        INSERT INTO production.TagStatistics(Period, Queue, OrderId, LineId, DisplayTime) VALUES (:period, :queue_name, :order_id, :line_id, :display_time);
    </Procedure>
    <Procedure name="updateTagStatistics">
        UPDATE production.TagStatistics SET DisplayTime = :display_time WHERE Queue = :queue_name AND OrderId = :order_id AND LineId = :line_id;
    </Procedure>
    <Procedure name="selectTagStatistics">
        SELECT
            COUNT(OrderId) AS TaggedQty,
            AVG(DisplayTime) AS Average
        FROM production.TagStatistics
        WHERE Period = :period AND Queue = :queue_name;
    </Procedure>
    <Procedure name="deleteOldTagStatistics">
        DELETE FROM production.TagStatistics WHERE DATETIME(SUBSTR(Period, 1, 4)||'-'||SUBSTR(Period, 5, 2)||'-'||SUBSTR(Period, 7)) &lt; DATETIME('now', :timedelta);
    </Procedure>
</Procedures>
