<?xml version="1.0" encoding="UTF-8"?>
<!--
	Module Name: boreportprocs.xml
	Module Description: Procedures used by the Back Office Reporting Service

	Copyright © 2010 MWneo Corporation

	$Id$
	$Revision$
	$Date$
	Created by: amerolli Last Modified by: $Author$
-->
<Procedures>
    <Procedure name="workbookTemplateGet">
        SELECT
            Template.TemplateId AS templateId,
            Template.TemplateTable AS templateTable,
            Template.Title AS title,
            Template.MinColumn AS minColumn,
            Template.MaxColumn AS maxColumn
        FROM
            boreport.Template Template;
    </Procedure>
    <!-- The procedure "workbookTemplateAdd" is only defined for parameter check purposes -->
    <Procedure name="workbookTemplateAdd">
        SELECT
            :templateTable AS TemplateTable,
            :templateTitle AS TemplateTitle,
            :templateSheets AS TemplateSheets,
            :op_templateBaseFile AS TemplateBaseFile,
            :op_templateBaseData AS TemplateBaseData;
    </Procedure>
    <Procedure name="workbookTemplateCreate">
        INSERT INTO boreport.Template(TemplateTable,Title) VALUES(:templateTable, :templateTitle);
        SELECT MAX(TemplateId) FROM boreport.Template;
    </Procedure>
    <Procedure name="workbookGet">
        SELECT
            Workbook.WorkbookId AS workbookId,
            Workbook.TemplateId AS templateId,
            Template.TemplateTable AS templateTable,
            Template.Title AS templateTitle,
            Workbook.Title AS workbookTitle,
            Workbook.FromDate AS fromDate,
            Workbook.ToDate AS toDate,
            Workbook.StoreId AS storeId,
            Workbook.Created AS createdAt,
            Workbook.Updated AS lastUpdatedAt,
            Workbook.OutputFile AS defaultFileName
        FROM
            boreport.Workbook Workbook
        JOIN
            boreport.Template Template
            ON  Template.TemplateId=Workbook.TemplateId
        WHERE
            (
                CASE WHEN :op_workbookId is NOT NULL THEN
                    CASE WHEN Workbook.WorkbookId=CAST(:op_workbookId AS INTEGER)
                        THEN 1
                        ELSE 0
                    END
                    ELSE 1
                END
            ) = 1 AND
            (
                CASE WHEN :op_fromDate IS NOT NULL THEN
                    CASE WHEN Workbook.FromDate=DATE(:op_fromDate)
                        THEN 1
                        ELSE 0
                    END
                    ELSE 1
                END
            ) = 1
        ORDER BY toDate;
    </Procedure>
    <Procedure name="workbookAdd">
        DELETE FROM temp.LastWorkbook;
        INSERT INTO temp.LastWorkbook(Id)
        SELECT MAX(Id)
        FROM (
            SELECT
                MAX(Workbook.WorkbookId) AS Id
            FROM
                boreport.Workbook AS Workbook
            UNION ALL
            SELECT 0 AS Id
        );
        -- Set the view parameters
        DELETE FROM boreport.vars;
        INSERT INTO boreport.vars(StoreId, BusinessDate)
        SELECT CAST(COALESCE(:op_storeId,(SELECT KeyValue FROM storecfg.Configuration WHERE KeyPath='Store.Id' LIMIT 1),'0') AS INTEGER) AS StoreId, DATE(:toDate) AS BusinessDate;
        -- Must do the same for labor views
        DELETE FROM bolabor.ViewParameters;
        INSERT INTO bolabor.ViewParameters(StartPeriod,EndPeriod) VALUES(DATE(:fromDate), DATE(:toDate));
            
        INSERT INTO boreport.Workbook(TemplateId, Template, Title, StoreId, FromDate, ToDate, DateFormat, OutputFile)
        SELECT
            Template.TemplateId AS TemplateId,
            Template.TemplateTable AS Template,
            :workbookTitle AS Title,
            vars.StoreId AS StoreId,
            DATE(:fromDate) AS FromDate,
            DATE(:toDate) AS ToDate,
            COALESCE(CAST(:op_dateFormat AS INTEGER),0) AS DateFormat,
            COALESCE(
                (SELECT KeyValue FROM storecfg.Configuration WHERE KeyPath='BackOffice.reportsOutputFolder' LIMIT 1)||'/', ''
            ) || (
                'WISR_'||COALESCE(strftime('%Y%m%d',DATE(:toDate)),strftime('%Y%m%d',CURRENT_DATE,'localtime'))||'_STORE_'||vars.StoreId||'.xml'
            ) AS OutputFile
        FROM
            boreport.Template Template, boreport.vars vars
        WHERE
            Template.TemplateId=:templateId;
        
        -- Purge previous workbooks (based on 'toDate' parameter and the store wide configuration 'BackOffice.purgeDays')
        DELETE FROM boreport.Worksheet
        WHERE EXISTS (
            SELECT 1 WHERE COALESCE(CAST((SELECT KeyValue FROM storecfg.Configuration WHERE KeyPath='BackOffice.purgeDays' LIMIT 1) AS INTEGER),-1)>0
        ) AND
        WorkbookId IN (
            SELECT WorkbookId
            FROM boreport.Workbook
            WHERE ToDate &lt; DATE(:toDate, '-'||(SELECT KeyValue FROM storecfg.Configuration WHERE KeyPath='BackOffice.purgeDays' LIMIT 1)||' DAYS')
        );
        DELETE FROM boreport.Workbook
        WHERE EXISTS (
            SELECT 1 WHERE COALESCE(CAST((SELECT KeyValue FROM storecfg.Configuration WHERE KeyPath='BackOffice.purgeDays' LIMIT 1) AS INTEGER),-1)>0
        ) AND
        ToDate &lt; DATE(:toDate, '-'||(SELECT KeyValue FROM storecfg.Configuration WHERE KeyPath='BackOffice.purgeDays' LIMIT 1)||' DAYS');
            
        SELECT
            Workbook.WorkbookId AS workbookId,
            Workbook.TemplateId AS templateId,
            Template.TemplateTable AS templateTable,
            Template.Title AS templateTitle,
            Workbook.Title AS workbookTitle,
            Workbook.FromDate AS fromDate,
            Workbook.ToDate AS toDate,
            Workbook.StoreId AS storeId,
            Workbook.Created AS createdAt,
            Workbook.Updated AS lastUpdatedAt,
            Workbook.OutputFile AS defaultFileName
        FROM
            boreport.Workbook Workbook
        JOIN
            boreport.Template Template
            ON  Template.TemplateId=Workbook.TemplateId
        WHERE
            Workbook.WorkbookId&gt;(SELECT MAX(Id) FROM temp.LastWorkbook);
    </Procedure>
    <Procedure name="workbookRemove">
        DELETE FROM boreport.Worksheet
        WHERE WorkbookId=CAST(:workbookId AS INTEGER);
        
        DELETE FROM boreport.WorkbookCalculation
        WHERE WorkbookId=CAST(:workbookId AS INTEGER);
        
        DELETE FROM boreport.Workbook
        WHERE WorkbookId=CAST(:workbookId AS INTEGER);
    </Procedure>
    <!-- Procedure workbookUpdate set only for parameter request check. -->
    <Procedure name="workbookUpdate">
        SELECT 
            :workbookId AS WorkbookId;
    </Procedure>
    <!-- Procedure workbookFileGet set only for parameter request check. -->
    <Procedure name="workbookFileGet">
        SELECT 
            :workbookTitle AS WorkbookTitle,
            :fromDate AS WorkbookDateFrom,
            :toDate AS WorkbookDateTo,
            :templateId AS TemplateId,
            (
                SELECT
                    OutputFile
                FROM
                    boreport.Workbook
                WHERE
                    workbookId=CAST(:op_workbookId AS INTEGER)
            )   AS outputFile;
    </Procedure>
    <Procedure name="worksheetGet">
        SELECT
            TemplateOptions.Sheet AS sheet
        FROM
            boreport.Workbook Workbook
        JOIN
            boreport.TemplateOptions TemplateOptions
            ON  TemplateOptions.TemplateId=Workbook.TemplateId
        WHERE
            Workbook.WorkbookId=CAST(:workbookId AS INTEGER);
    </Procedure>
    <Procedure name="worksheetCellsGet">
        SELECT
            Worksheet.Column AS column,
            Worksheet.Row AS row,
            Worksheet.CellId AS cellId,
            Worksheet.Value AS value,
            Worksheet.Formula AS formula,
            Worksheet.FormulaXml AS formulaXml,
            Worksheet.Code AS code,
            Worksheet.Stack AS stack,
            Worksheet.NextOp AS nextOp,
            Worksheet.Top AS top,
            Worksheet.Postfix AS postfix,
            Worksheet.Format AS format
        FROM
            boreport.Worksheet Worksheet
        WHERE
            Worksheet.WorkbookId=CAST(:workbookId AS INTEGER) AND
            Worksheet.Sheet=:sheet;
    </Procedure>
    <Procedure name="worksheetCellsUpdate">
        INSERT OR REPLACE INTO boreport.Worksheet(WorkbookId, Sheet, Column, Row, CellId, Value, Formula, FormulaXml, Code, Stack, NextOp, Top, Postfix, Format)
        SELECT
            Worksheet.WorkbookId, 
            Worksheet.Sheet, 
            Worksheet.Column, 
            Worksheet.Row, 
            Worksheet.CellId, 
            Cells.Value, 
            Worksheet.Formula, 
            Worksheet.FormulaXml, 
            Worksheet.Code, 
            Worksheet.Stack, 
            Worksheet.NextOp, 
            Worksheet.Top, 
            Worksheet.Postfix, 
            Worksheet.Format
        FROM
            boreport.Worksheet Worksheet
        JOIN
            (
                SELECT
                    JSONGet('CellId',PreparedStringTable.id) AS CellId,
                    JSONGet('Value',PreparedStringTable.id) AS Value
                FROM
                    temp.PreparedStringTable PreparedStringTable
            ) Cells
            ON  Cells.CellId=Worksheet.CellId
        WHERE
            Worksheet.WorkbookId=CAST(:workbookId AS INTEGER);
    </Procedure>
    <Procedure name="getWorkbookQueriesScript">
        DELETE FROM boreport.vars;
        INSERT INTO boreport.vars(WorkbookId,StoreId,BusinessDate)
        SELECT
            Workbook.WorkbookId AS WorkbookId,
            CAST(COALESCE(:op_storeId,(SELECT KeyValue FROM storecfg.Configuration WHERE KeyPath='Store.Id' LIMIT 1),'0') AS INTEGER) AS StoreId,
            Workbook.ToDate AS BusinessDate
        FROM
            boreport.Workbook Workbook
        WHERE
            Workbook.WorkbookId=CAST(:workbookId AS INTEGER);
        
        SELECT
            SqlCmd AS sqlCmd
        FROM
            boreport.getExecQueryCmd
        WHERE EXISTS (
            SELECT 1
            FROM 
                boreport.vars vars
            WHERE 
                vars.WorkbookId=CAST(:workbookId AS INTEGER) AND 
                vars.StoreId=CAST(COALESCE(:op_storeId,(SELECT KeyValue FROM storecfg.Configuration WHERE KeyPath='Store.Id' LIMIT 1),'0') AS INTEGER)
        );
    </Procedure>
    <Procedure name="getWorkbookUpdateScript">
        DELETE FROM boreport.vars;
        INSERT INTO boreport.vars(WorkbookId,StoreId,BusinessDate)
        SELECT
            Workbook.WorkbookId AS WorkbookId,
            CAST(COALESCE(:op_storeId,(SELECT KeyValue FROM storecfg.Configuration WHERE KeyPath='Store.Id' LIMIT 1),'0') AS INTEGER) AS StoreId,
            Workbook.ToDate AS BusinessDate
        FROM
            boreport.Workbook Workbook
        WHERE
            Workbook.WorkbookId=CAST(:workbookId AS INTEGER);
        
        SELECT
            SqlCmd AS sqlCmd
        FROM
            boreport.getUpdateWorksheetCmd
        WHERE EXISTS (
            SELECT 1
            FROM 
                boreport.vars vars
            WHERE 
                vars.WorkbookId=CAST(:workbookId AS INTEGER) AND 
                vars.StoreId=CAST(COALESCE(:op_storeId,(SELECT KeyValue FROM storecfg.Configuration WHERE KeyPath='Store.Id' LIMIT 1),'0') AS INTEGER)
        );
    </Procedure>
    <Procedure name="spreadsheetXMLReport">
        DELETE FROM boreport.vars;
        INSERT INTO boreport.vars(WorkbookId,StoreId,Sheet)
        SELECT
            Workbook.WorkbookId,
            CAST(COALESCE(:op_storeId,(SELECT KeyValue FROM storecfg.Configuration WHERE KeyPath='Store.Id' LIMIT 1),'0') AS INTEGER) AS StoreId,
            TemplateOptions.Sheet
        FROM
            boreport.Workbook Workbook
        JOIN
            boreport.TemplateOptions TemplateOptions
            ON  TemplateOptions.TemplateId=Workbook.TemplateId
        WHERE
            Workbook.WorkbookId=CAST(:workbookId AS INTEGER) AND
            TemplateOptions.Sheet=:sheet;

        SELECT group_concat(XmlTag,'') AS SheetXML 
        FROM boreport.listWorkbookXml 
        WHERE Sheet=:sheet;
    </Procedure>
    <Procedure name="spreadsheetReport">
        DELETE FROM boreport.vars;
        INSERT INTO boreport.vars(WorkbookId,StoreId,Sheet)
        SELECT
            Workbook.WorkbookId,
            CAST(COALESCE(:op_storeId,(SELECT KeyValue FROM storecfg.Configuration WHERE KeyPath='Store.Id' LIMIT 1),'0') AS INTEGER) AS StoreId,
            TemplateOptions.Sheet
        FROM
            boreport.Workbook Workbook
        JOIN
            boreport.TemplateOptions TemplateOptions
            ON  TemplateOptions.TemplateId=Workbook.TemplateId
        WHERE
            Workbook.WorkbookId=CAST(:workbookId AS INTEGER) AND
            TemplateOptions.Sheet=:sheet;
            
        SELECT * 
        FROM boreport.viewSubwayWorkSheet;
    </Procedure>
    <Procedure name="fullSpreadsheetXMLReport">
        DELETE FROM boreport.vars;
        INSERT INTO boreport.vars(WorkbookId,StoreId)
        SELECT
            Workbook.WorkbookId,
            CAST(COALESCE(:op_storeId,(SELECT KeyValue FROM storecfg.Configuration WHERE KeyPath='Store.Id' LIMIT 1),'0') AS INTEGER) AS StoreId
        FROM
            boreport.Workbook Workbook
        WHERE
            Workbook.WorkbookId=CAST(:workbookId AS INTEGER);
        
        SELECT 
            CASE WHEN COALESCE(CAST(:op_useBase64 AS INTEGER),0)=1
                THEN base64(group_concat(T.XmlTag,''))
                ELSE hex(group_concat(T.XmlTag,''))
            END AS WorkbookXML
        FROM (
            SELECT Template.WorkbookHeader AS XmlTag
            FROM boreport.Template Template
            WHERE TemplateId=(
                SELECT TemplateId 
                FROM boreport.vars vars 
                JOIN boreport.Workbook Workbook ON Workbook.WorkbookId=vars.WorkbookId
            )
            UNION ALL
            SELECT group_concat(XmlTag,'') AS XmlTag 
            FROM boreport.listWorkbookXml 
            UNION ALL
            SELECT Template.WorkbookFooter AS XmlTag
            FROM boreport.Template Template
            WHERE TemplateId=(
                SELECT TemplateId 
                FROM boreport.vars vars 
                JOIN boreport.Workbook Workbook ON Workbook.WorkbookId=vars.WorkbookId
            )
        ) T
        WHERE EXISTS (
            SELECT 1
            FROM boreport.vars
            WHERE WorkbookId=CAST(:workbookId AS INTEGER)
        );
    </Procedure>
    <Procedure name="getWREStatusForReportExport">
		SELECT
			storeId,
			businessDate,
			weekDay,
			businessDateStatus,
			drawerCountOpened,
			drawerCountClosed,
			drawerShortOver,
			hoursWorked,
			deliveriesBPDW,
			creditsBPDW,
			leftBPDW,
			deliveredItems,
			netSales,
			deposits
		FROM (
			SELECT
				Drawers.storeId AS storeId,
				Drawers.businessPeriodId AS businessPeriodId,
				Drawers.businessDate AS businessDate,
				strftime('%w',Drawers.businessDate) AS weekDay,
				Drawers.businessDateStatus AS businessDateStatus,
				Drawers.drawerCountOpened AS drawerCountOpened,
				Drawers.drawerCountClosed AS drawerCountClosed,
				Drawers.drawerShortOver AS drawerShortOver,
				DailyData.hoursWorked AS hoursWorked,
				DailyData.deliveriesBPDW AS deliveriesBPDW,
				DailyData.creditsBPDW AS creditsBPDW,
				DailyData.leftBPDW AS leftBPDW,
				Deliveries.deliveredItems AS deliveredItems,
				SalesDeposits.netSales AS netSales,
				SalesDeposits.deposits AS deposits
			FROM (
				SELECT
					BusinessPeriod.StoreId AS storeId,
					BusinessPeriod.BusinessPeriodId AS businessPeriodId,
					BusinessDate.BusinessDate AS businessDate,
					CASE COALESCE(BusinessDate.Status,3)
						WHEN 0 THEN 'CREATED'
						WHEN 1 THEN 'OPENED'
						WHEN 2 THEN 'CLOSED'
						ELSE 'UNDEFINED'
					END AS businessDateStatus,
					SUM(
						CASE DrawerCount.Status
							WHEN 0 THEN 1
							ELSE 0
						END
					) AS drawerCountOpened,
					SUM(
						CASE DrawerCount.Status
							WHEN 1 THEN 1
							ELSE 0
						END
					) AS drawerCountClosed,
					tdsub(
						COALESCE(tdsum(CASE WHEN DrawerCount.Status=1 THEN DrawerCount.TotalOverageAmount ELSE NULL END),0),
						COALESCE(tdsum(CASE WHEN DrawerCount.Status=1 THEN DrawerCount.TotalShortageAmount ELSE NULL END),0),
						2, 5
					) AS drawerShortOver
				FROM
					bocash.BusinessPeriod BusinessPeriod
				LEFT JOIN
					bocash.BusinessDate BusinessDate
					ON  BusinessDate.BusinessDate BETWEEN BusinessPeriod.FromBusinessDate AND BusinessPeriod.UntilBusinessDate AND
						BusinessDate.Status=2
				LEFT JOIN
					bocash.DrawerCount DrawerCount
					ON  DrawerCount.BusinessDate=BusinessDate.BusinessDate
				WHERE
					BusinessPeriod.StoreId=CAST(COALESCE(:op_storeId,(SELECT KeyValue FROM storecfg.Configuration WHERE KeyPath='Store.Id' LIMIT 1),'0') AS INTEGER) AND
					DATE(:controlDate) BETWEEN BusinessPeriod.FromBusinessDate AND BusinessPeriod.UntilBusinessDate
				GROUP BY storeId, businessPeriodId, businessDate
			)   Drawers
			LEFT JOIN (
				SELECT
					BusinessPeriod.StoreId AS storeId,
					BusinessPeriod.BusinessPeriodId AS businessPeriodId,
					BusinessDate.BusinessDate AS businessDate,
					GROUP_CONCAT(
						CASE JSONGet('DetailId',CashTransactionDetails.ParamName)
							WHEN 'HOURS_WORKED' THEN JSONGet('Amount',CashTransactionDetails.ParamValue) ELSE NULL
						END
					) AS hoursWorked,
					GROUP_CONCAT(
						CASE JSONGet('DetailId',CashTransactionDetails.ParamName)
							WHEN 'DELIVERIES_BPDW' THEN JSONGet('Amount',CashTransactionDetails.ParamValue) ELSE NULL
						END
					) AS deliveriesBPDW,
					GROUP_CONCAT(
						CASE JSONGet('DetailId',CashTransactionDetails.ParamName)
							WHEN 'CREDITS_BPDW' THEN JSONGet('Amount',CashTransactionDetails.ParamValue) ELSE NULL
						END
					) AS creditsBPDW,
					GROUP_CONCAT(
						CASE JSONGet('DetailId',CashTransactionDetails.ParamName)
							WHEN 'LEFT_BPDW' THEN JSONGet('Amount',CashTransactionDetails.ParamValue) ELSE NULL
						END
					) AS leftBPDW            
				FROM
					bocash.BusinessPeriod BusinessPeriod
				LEFT JOIN
					bocash.BusinessDate BusinessDate
					ON  BusinessDate.BusinessDate BETWEEN BusinessPeriod.FromBusinessDate AND BusinessPeriod.UntilBusinessDate AND
						BusinessDate.Status=2
				LEFT JOIN
					bocash.CashTransaction CashTransaction
					ON  CashTransaction.BusinessDate=BusinessDate.BusinessDate AND CashTransaction.CashTType=3
				LEFT JOIN
					bocash.CashTransactionDetails CashTransactionDetails
					ON  CashTransactionDetails.CashTransactionId=CashTransaction.CashTransactionId AND JSONGet('DetailId',CashTransactionDetails.ParamName) IN ('HOURS_WORKED','DELIVERIES_BPDW','CREDITS_BPDW','LEFT_BPDW')
				WHERE
					BusinessPeriod.StoreId=CAST(COALESCE(:op_storeId,(SELECT KeyValue FROM storecfg.Configuration WHERE KeyPath='Store.Id' LIMIT 1),'0') AS INTEGER) AND
					DATE(:controlDate) BETWEEN BusinessPeriod.FromBusinessDate AND BusinessPeriod.UntilBusinessDate
				GROUP BY storeId, businessPeriodId, businessDate
			)   DailyData
				ON  DailyData.storeId=Drawers.storeId AND
					DailyData.businessPeriodId=Drawers.businessPeriodId AND
					DailyData.businessDate=Drawers.businessDate
			LEFT JOIN (
				SELECT
					BusinessPeriod.StoreId AS storeId,
					BusinessPeriod.BusinessPeriodId AS businessPeriodId,
					BusinessDate.BusinessDate AS businessDate,
					COUNT(InvoiceDetail.LineNumber) AS deliveredItems
				FROM
					bocash.BusinessPeriod BusinessPeriod
				LEFT JOIN
					bocash.BusinessDate BusinessDate
					ON  BusinessDate.BusinessDate BETWEEN BusinessPeriod.FromBusinessDate AND BusinessPeriod.UntilBusinessDate AND
						BusinessDate.Status=2
				LEFT JOIN
					boinv.SupplierInvoice SupplierInvoice
					ON  SupplierInvoice.InvoiceDate=BusinessDate.BusinessDate
				LEFT JOIN
					boinv.InvoiceDetail InvoiceDetail
					ON  InvoiceDetail.SupplierCode=SupplierInvoice.SupplierCode AND InvoiceDetail.InvoiceId=SupplierInvoice.InvoiceId
				WHERE
					BusinessPeriod.StoreId=CAST(COALESCE(:op_storeId,(SELECT KeyValue FROM storecfg.Configuration WHERE KeyPath='Store.Id' LIMIT 1),'0') AS INTEGER) AND
					DATE(:controlDate) BETWEEN BusinessPeriod.FromBusinessDate AND BusinessPeriod.UntilBusinessDate
				GROUP BY storeId, businessPeriodId, businessDate
			)   Deliveries
				ON  Deliveries.storeId=Drawers.storeId AND
					Deliveries.businessPeriodId=Drawers.businessPeriodId AND
					Deliveries.businessDate=Drawers.businessDate
			LEFT JOIN (
				SELECT
					T.StoreId AS storeId, 
					T.BusinessPeriodId AS businessPeriodId, 
					T.BusinessDate AS businessDate,
					tdsum(T.NetSales,2,5) AS netSales,
					tdsum(COALESCE(T.AdjustedDeposits,T.Deposits),2,5) AS deposits
				FROM (
					SELECT
						BusinessPeriod.StoreId AS StoreId,
						BusinessPeriod.BusinessPeriodId AS BusinessPeriodId,
						BusinessDate.BusinessDate AS BusinessDate,
						DrawerChangeTransaction.POSId AS POSId,
						DrawerChangeTransaction.CashTransactionId AS DrawerChangeId,
						DayCloseTransaction.CashTransactionId AS DayCloseId,
						DrawerCountTransaction.CashTransactionId AS CashCountId,
						DrawerCountTransaction.DrawerCountId,
						--(SELECT tdsub(TotalOverageAmount,TotalShortageAmount,2,5) FROM bocash.DrawerCount WHERE DrawerCountId=DrawerCountTransaction.DrawerCountId) AS DrawerShortOver,
						tdsub(
							tdsub(
								tdsub(
										(SELECT JSONGet('Amount',ParamValue) FROM bocash.CashTransactionDetails WHERE CashTransactionId=DayCloseTransaction.CashTransactionId AND JSONGet('DetailId',ParamName)='CLOSING_GRAND_TOTAL'),
										(SELECT JSONGet('Amount',ParamValue) FROM bocash.CashTransactionDetails WHERE CashTransactionId=DayCloseTransaction.CashTransactionId AND JSONGet('DetailId',ParamName)='OPENING_GRAND_TOTAL')
								),
								(SELECT JSONGet('Amount',ParamValue) FROM bocash.CashTransactionDetails WHERE CashTransactionId=DayCloseTransaction.CashTransactionId AND JSONGet('DetailId',ParamName)='SALES_TAX')
							),
							(SELECT JSONGet('Amount',ParamValue) FROM bocash.CashTransactionDetails WHERE CashTransactionId=DayCloseTransaction.CashTransactionId AND JSONGet('DetailId',ParamName)='ADJUSTMENTS'),
							2, 5
						) AS NetSales,
						(SELECT JSONGet('Amount',ParamValue) FROM bocash.CashTransactionDetails WHERE CashTransactionId=DayCloseTransaction.CashTransactionId AND JSONGet('DetailId',ParamName)='DEPOSIT_IN_BANK') AS Deposits,
						DrawerCountTransaction.TotalCashSkim AS AdjustedDeposits
					FROM
						bocash.BusinessPeriod BusinessPeriod
						JOIN
						bocash.BusinessDate BusinessDate
							ON  BusinessDate.StoreId=BusinessPeriod.StoreId AND
								BusinessDate.BusinessDate BETWEEN BusinessPeriod.FromBusinessDate AND BusinessPeriod.UntilBusinessDate AND
							BusinessDate.Status=2
						JOIN
							bocash.CashTransaction DrawerChangeTransaction
							ON  DrawerChangeTransaction.StoreId=BusinessDate.StoreId AND
								DrawerChangeTransaction.BusinessDate=BusinessDate.BusinessDate AND
								DrawerChangeTransaction.CashTType=1
						JOIN
							bocash.CashTransaction DrawerCountTransaction
							ON  DrawerChangeTransaction.StoreId=DrawerCountTransaction.StoreId AND
								DrawerChangeTransaction.POSId=DrawerCountTransaction.POSId AND
								DrawerChangeTransaction.BusinessDate=DrawerCountTransaction.BusinessDate AND
								DrawerChangeTransaction.DrawerCountId=DrawerCountTransaction.DrawerCountId AND
								DrawerCountTransaction.CashTType=2
						JOIN
							bocash.CashTransaction DayCloseTransaction
							ON  DayCloseTransaction.StoreId=DrawerCountTransaction.StoreId AND
								DayCloseTransaction.POSId=DrawerCountTransaction.POSId AND
								DayCloseTransaction.BusinessDate=DrawerCountTransaction.BusinessDate AND
								DayCloseTransaction.CashTType=3
					WHERE
						BusinessPeriod.StoreId=CAST(COALESCE(:op_storeId,(SELECT KeyValue FROM storecfg.Configuration WHERE KeyPath='Store.Id' LIMIT 1),'0') AS INTEGER) AND
						DATE(:controlDate) BETWEEN BusinessPeriod.FromBusinessDate AND BusinessPeriod.UntilBusinessDate
				)   T
				GROUP BY storeId, businessPeriodId, businessDate
			)   SalesDeposits
				ON  SalesDeposits.storeId=Drawers.storeId AND
					SalesDeposits.businessPeriodId=Drawers.businessPeriodId AND
					SalesDeposits.businessDate=Drawers.businessDate
			UNION ALL
			SELECT
				Totalization.StoreId AS storeId,
				Totalization.BusinessPeriodId AS businessPeriodId,
				'9999-99-99' AS businessDate,
				'9' AS weekDay,
				NULL AS businessDateStatus,
				NULL AS drawerCountOpened,
				NULL AS drawerCountClosed,
				tdsum(Totalization.DrawerShortOver,2,5) AS drawerShortOver,
				NULL AS hoursWorked,
				NULL AS deliveriesBPDW,
				NULL AS creditsBPDW,
				NULL AS leftBPDW,
				NULL AS deliveredItems,
				tdsum(Totalization.NetSales,2,5) AS netSales,
				tdsum(COALESCE(Totalization.AdjustedDeposits,Totalization.Deposits),2,5) AS deposits
			FROM (
				SELECT
					BusinessPeriod.StoreId AS StoreId,
					BusinessPeriod.BusinessPeriodId AS BusinessPeriodId,
					BusinessDate.BusinessDate AS BusinessDate,
					DrawerChangeTransaction.POSId AS POSId,
					DrawerChangeTransaction.CashTransactionId AS DrawerChangeId,
					DayCloseTransaction.CashTransactionId AS DayCloseId,
					DrawerCountTransaction.CashTransactionId AS CashCountId,
					DrawerCountTransaction.DrawerCountId,
					(SELECT tdsub(TotalOverageAmount,TotalShortageAmount,2,5) FROM bocash.DrawerCount WHERE DrawerCountId=DrawerCountTransaction.DrawerCountId) AS DrawerShortOver,
					tdsub(
						tdsub(
							tdsub(
									(SELECT JSONGet('Amount',ParamValue) FROM bocash.CashTransactionDetails WHERE CashTransactionId=DayCloseTransaction.CashTransactionId AND JSONGet('DetailId',ParamName)='CLOSING_GRAND_TOTAL'),
									(SELECT JSONGet('Amount',ParamValue) FROM bocash.CashTransactionDetails WHERE CashTransactionId=DayCloseTransaction.CashTransactionId AND JSONGet('DetailId',ParamName)='OPENING_GRAND_TOTAL')
							),
							(SELECT JSONGet('Amount',ParamValue) FROM bocash.CashTransactionDetails WHERE CashTransactionId=DayCloseTransaction.CashTransactionId AND JSONGet('DetailId',ParamName)='SALES_TAX')
						),
						(SELECT JSONGet('Amount',ParamValue) FROM bocash.CashTransactionDetails WHERE CashTransactionId=DayCloseTransaction.CashTransactionId AND JSONGet('DetailId',ParamName)='ADJUSTMENTS'),
						2, 5
					) AS NetSales,
					(SELECT JSONGet('Amount',ParamValue) FROM bocash.CashTransactionDetails WHERE CashTransactionId=DayCloseTransaction.CashTransactionId AND JSONGet('DetailId',ParamName)='DEPOSIT_IN_BANK') AS Deposits,
					DrawerCountTransaction.TotalCashSkim AS AdjustedDeposits
				FROM
					bocash.BusinessPeriod BusinessPeriod
				JOIN
					bocash.BusinessDate BusinessDate
					ON  BusinessDate.StoreId=BusinessPeriod.StoreId AND
						BusinessDate.BusinessDate BETWEEN BusinessPeriod.FromBusinessDate AND BusinessPeriod.UntilBusinessDate AND
						BusinessDate.Status=2
				JOIN
					bocash.CashTransaction DrawerChangeTransaction
					ON  DrawerChangeTransaction.StoreId=BusinessDate.StoreId AND
						DrawerChangeTransaction.BusinessDate=BusinessDate.BusinessDate AND
						DrawerChangeTransaction.CashTType=1
				JOIN
					bocash.CashTransaction DrawerCountTransaction
					ON  DrawerChangeTransaction.StoreId=DrawerCountTransaction.StoreId AND
						DrawerChangeTransaction.POSId=DrawerCountTransaction.POSId AND
						DrawerChangeTransaction.BusinessDate=DrawerCountTransaction.BusinessDate AND
						DrawerChangeTransaction.DrawerCountId=DrawerCountTransaction.DrawerCountId AND
						DrawerCountTransaction.CashTType=2
				JOIN
					bocash.CashTransaction DayCloseTransaction
					ON  DayCloseTransaction.StoreId=DrawerCountTransaction.StoreId AND
						DayCloseTransaction.POSId=DrawerCountTransaction.POSId AND
						DayCloseTransaction.BusinessDate=DrawerCountTransaction.BusinessDate AND
						DayCloseTransaction.CashTType=3
				WHERE
					BusinessPeriod.StoreId=CAST(COALESCE(:op_storeId,(SELECT KeyValue FROM storecfg.Configuration WHERE KeyPath='Store.Id' LIMIT 1),'0') AS INTEGER) AND
					DATE(:controlDate) BETWEEN BusinessPeriod.FromBusinessDate AND BusinessPeriod.UntilBusinessDate
				GROUP BY StoreId, BusinessPeriodId, BusinessDate
			) Totalization
			GROUP BY StoreId, BusinessPeriodId
		);
    </Procedure>
    <Procedure name="getWISRStatusForReportExport">
        SELECT
            InventoryStatus.storeId AS storeId,
            InventoryStatus.businessPeriodId AS businessPeriodId,
            InventoryStatus.openAmount AS openAmount,
            InventoryStatus.deliveredAmount AS deliveredAmount,
            InventoryStatus.leftAmount AS leftAmount,
            InventoryStatus.usedAmount AS usedAmount,
            tdmul(tddiv(InventoryStatus.leftAmount,InventoryStatus.usedAmount,2,5),7,2,5) AS inventoryTurnoverDays,
            tdmul(tddiv(tdsub(WeekNetSales.totalAmount,InventoryStatus.usedAmount,2,5),WeekNetSales.totalAmount,2,5),100,2,5) AS grossMargin
        FROM (
            SELECT
                BusinessPeriod.StoreId AS storeId,
                BusinessPeriod.BusinessPeriodId AS businessPeriodId,
                tdsum(tdmul(InventoryControl.OpenQty,InventoryControl.UnitCost),2,5) AS openAmount,
                tdsum(tdmul(InventoryControl.DeliveredQty,InventoryControl.UnitCost),2,5) AS deliveredAmount,
                tdsum(tdmul(InventoryControl.CountedQty,InventoryControl.UnitCost),2,5) AS leftAmount,
                tdsum(tdmul(InventoryControl.UsedQty,InventoryControl.UnitCost),2,5) AS usedAmount
            FROM
                bocash.BusinessPeriod BusinessPeriod
            LEFT JOIN
                boinv.InventoryControl InventoryControl
                ON  InventoryControl.ControlDate=BusinessPeriod.UntilBusinessDate
            WHERE
                BusinessPeriod.StoreId=CAST(COALESCE(:op_storeId,(SELECT KeyValue FROM storecfg.Configuration WHERE KeyPath='Store.Id' LIMIT 1),'0') AS INTEGER) AND
                DATE(:controlDate) BETWEEN BusinessPeriod.FromBusinessDate AND BusinessPeriod.UntilBusinessDate
            GROUP BY storeId, businessPeriodId
        )   InventoryStatus
        LEFT JOIN (
            SELECT
                DailyNetSales.storeId AS storeId,
                DailyNetSales.BusinessPeriodId AS BusinessPeriodId,
                tdsum(DailyNetSales.netAmount,2,5) AS totalAmount
            FROM (
                SELECT
                    BusinessPeriod.StoreId AS storeId,
                    BusinessPeriod.businessPeriodId AS businessPeriodId,
                    BusinessDate.BusinessDate AS businessDate,
                    tdsub(
                        tdsub(
                            MAX(
                                CASE WHEN (JSONGet('DetailId', POSCloseTransactionDetails.ParamName)='CLOSING_GRAND_TOTAL')
                                    THEN JSONGet('Amount', POSCloseTransactionDetails.ParamValue)
                                    ELSE NULL
                                END 
                            ),
                            MAX(
                                CASE WHEN (JSONGet('DetailId', POSCloseTransactionDetails.ParamName)='OPENING_GRAND_TOTAL')
                                    THEN JSONGet('Amount', POSCloseTransactionDetails.ParamValue)
                                    ELSE NULL
                                END 
                            )
                        ),
                        COALESCE(
                            MAX(
                                CASE WHEN (JSONGet('DetailId', POSCloseTransactionDetails.ParamName)='SALES_TAX')
                                    THEN JSONGet('Amount', POSCloseTransactionDetails.ParamValue)
                                    ELSE NULL
                                END 
                            ),
                            0
                        ),
                        2, 5
                    ) AS netAmount
                FROM
                    bocash.BusinessPeriod BusinessPeriod
                LEFT JOIN
                    bocash.BusinessDate BusinessDate
                    ON  BusinessDate.BusinessDate BETWEEN BusinessPeriod.FromBusinessDate AND BusinessPeriod.UntilBusinessDate
                LEFT JOIN
                    bocash.CashTransaction POSCloseTransaction
                    ON  POSCloseTransaction.BusinessDate=BusinessDate.BusinessDate AND
                        POSCloseTransaction.CashTType=3
                LEFT JOIN
                    bocash.CashTransactionDetails POSCloseTransactionDetails
                    ON  POSCloseTransactionDetails.CashTransactionId=POSCloseTransaction.CashTransactionId AND
                        JSONGet('DetailId', POSCloseTransactionDetails.ParamName) IN ('OPENING_GRAND_TOTAL','CLOSING_GRAND_TOTAL','SALES_TAX')
                WHERE
                    BusinessPeriod.StoreId=CAST(COALESCE(:op_storeId,(SELECT KeyValue FROM storecfg.Configuration WHERE KeyPath='Store.Id' LIMIT 1),'0') AS INTEGER) AND
                    DATE(:controlDate) BETWEEN BusinessPeriod.FromBusinessDate AND BusinessPeriod.UntilBusinessDate
                GROUP BY storeId, businessPeriodId, businessDate
            )   DailyNetSales
            GROUP BY DailyNetSales.storeId, DailyNetSales.businessPeriodId
        )   WeekNetSales
            ON  WeekNetSales.storeId=InventoryStatus.storeId AND
                WeekNetSales.businessPeriodId=InventoryStatus.businessPeriodId;
    </Procedure>
    <Procedure name="prepareTemplateCompilation">
        UPDATE boreport.TemplateSheet
        SET Postfix=NULL
        WHERE TemplateId=CAST(:templateId AS INTEGER);
        
        SELECT TemplateId, CellId, [Column], Row, FormulaXml
        FROM boreport.TemplateSheet
        WHERE TemplateId=CAST(:templateId AS INTEGER) AND COALESCE(FormulaXml,'') != '';
    </Procedure>
    <Procedure name="updateCompiledCells">
        INSERT OR REPLACE INTO boreport.TemplateSheet([TemplateId], [Sheet], [Column], [Row], [CellId], [Value], [Formula], [FormulaXml], [Code], [Stack], [NextOp], [Top], [Postfix], [Format])
        SELECT
            TemplateSheet.[TemplateId], 
            TemplateSheet.[Sheet], 
            TemplateSheet.[Column], 
            TemplateSheet.[Row], 
            TemplateSheet.[CellId], 
            TemplateSheet.[Value], 
            TemplateSheet.[Formula], 
            TemplateSheet.[FormulaXml], 
            TemplateSheet.[Code], 
            TemplateSheet.[Stack], 
            TemplateSheet.[NextOp], 
            TemplateSheet.[Top], 
            CompiledCells.[Postfix],
            TemplateSheet.[Format]
        FROM (
            SELECT
                CAST(:templateId AS INTEGER) AS TemplateId,
                JSONGet('CellId',PreparedStringTable.id) AS CellId,
                JSONGet('Postfix',PreparedStringTable.id) AS Postfix
            FROM
                temp.PreparedStringTable PreparedStringTable
        )   CompiledCells
        JOIN
            boreport.TemplateSheet TemplateSheet
            ON  TemplateSheet.TemplateId=CompiledCells.TemplateId AND
                TemplateSheet.CellId=CompiledCells.CellId;
    </Procedure>
    <Procedure name="workbookSolver">
        DELETE FROM boreport.WorkbookCalculation
        WHERE WorkbookId=CAST(:workbookId AS INTEGER) AND 1=COALESCE(CAST(:op_force AS INTEGER),0);
        
        INSERT INTO boreport.WorkbookCalculation(WorkbookId,UpdatePostfix) 
        SELECT 
            CAST(:workbookId AS INTEGER),
            COALESCE(CAST(:op_reset AS INTEGER),0)
        WHERE NOT EXISTS (
            SELECT 1 FROM boreport.WorkbookCalculation
            WHERE WorkbookId=CAST(:workbookId AS INTEGER)
        );
        
        UPDATE boreport.WorkbookCalculation
        SET IterationCount=0
        WHERE WorkbookId=CAST(:workbookId AS INTEGER) AND IterationCount&lt;0;
        
        SELECT
            WorkbookId AS workbookId,
            TotalChanges AS totalChanges,
            IterationCount AS iterations
        FROM
            boreport.WorkbookCalculation
        WHERE
            WorkbookId=CAST(:workbookId AS INTEGER);
    </Procedure>
    <Procedure name="previewWorkbook1stStep">
        DELETE FROM temp.LastWorkbook;
        INSERT INTO temp.LastWorkbook(Id)
        SELECT MAX(Id)
        FROM (
            SELECT
                MAX(Workbook.WorkbookId) AS Id
            FROM
                boreport.Workbook AS Workbook
            UNION ALL
            SELECT 0 AS Id
        );
        DELETE FROM boreport.vars;
        INSERT INTO boreport.vars(StoreId, BusinessDate)
        SELECT CAST(COALESCE(:op_storeId,(SELECT KeyValue FROM storecfg.Configuration WHERE KeyPath='Store.Id' LIMIT 1),'0') AS INTEGER) AS StoreId, DATE(:toDate) AS BusinessDate;
            
        INSERT INTO boreport.Workbook(TemplateId, Template, Title, StoreId, FromDate, ToDate, DateFormat, OutputFile)
        SELECT
            Template.TemplateId AS TemplateId,
            Template.TemplateTable AS Template,
            ('PREVIEW_'||:fromDate||'_'||:toDate) AS Title,
            vars.StoreId AS StoreId,
            DATE(:fromDate) AS FromDate,
            DATE(:toDate) AS ToDate,
            COALESCE(CAST(:op_dateFormat AS INTEGER),0) AS DateFormat,
            NULL AS OutputFile
        FROM
            boreport.Template Template, boreport.vars vars
        WHERE
            Template.TemplateId=:templateId;
        
        DELETE FROM boreport.vars;
        INSERT INTO boreport.vars(WorkbookId,StoreId,BusinessDate)
        SELECT
            Workbook.WorkbookId AS WorkbookId,
            CAST(COALESCE(:op_storeId,(SELECT KeyValue FROM storecfg.Configuration WHERE KeyPath='Store.Id' LIMIT 1),'0') AS INTEGER) AS StoreId,
            Workbook.ToDate AS BusinessDate
        FROM
            boreport.Workbook Workbook
        WHERE
            Workbook.WorkbookId=(
                SELECT WorkbookId
                FROM boreport.Workbook
                WHERE WorkbookId>(SELECT Id FROM temp.LastWorkbook)
                LIMIT 1
            );
        
        SELECT
            StoreId AS storeId,
            WorkbookId AS workbookId,
            BusinessDate AS businessDate
        FROM
            boreport.vars;
    </Procedure>
    <Procedure name="previewWorkbookFinalStep">
        DELETE FROM boreport.vars;
        INSERT INTO boreport.vars(WorkbookId,StoreId)
        SELECT
        Workbook.WorkbookId,
        CAST(COALESCE(:op_storeId,(SELECT KeyValue FROM storecfg.Configuration WHERE KeyPath='Store.Id' LIMIT 1),'0') AS INTEGER) AS StoreId
        FROM
        boreport.Workbook Workbook
        WHERE
        Workbook.WorkbookId=CAST(:workbookId AS INTEGER);

        DELETE FROM boreport.WorkbookCalculation
        WHERE WorkbookId=(SELECT WorkbookId FROM boreport.vars LIMIT 1);

        INSERT INTO boreport.WorkbookCalculation(WorkbookId,UpdatePostfix)
        SELECT WorkbookId, 0 FROM boreport.vars LIMIT 1;

        UPDATE boreport.WorkbookCalculation
        SET IterationCount=0
        WHERE WorkbookId=(SELECT WorkbookId FROM boreport.vars LIMIT 1) AND IterationCount&lt;0;        
        
        SELECT 
            base64(group_concat(T.XmlTag,'')) AS WorkbookXML
        FROM (
            SELECT Template.WorkbookHeader AS XmlTag
            FROM boreport.Template Template
            WHERE TemplateId=(
                SELECT TemplateId 
                FROM boreport.vars vars 
                JOIN boreport.Workbook Workbook ON Workbook.WorkbookId=vars.WorkbookId
            )
            UNION ALL
            SELECT group_concat(XmlTag,'') AS XmlTag 
            FROM boreport.listWorkbookXml 
            UNION ALL
            SELECT Template.WorkbookFooter AS XmlTag
            FROM boreport.Template Template
            WHERE TemplateId=(
                SELECT TemplateId 
                FROM boreport.vars vars 
                JOIN boreport.Workbook Workbook ON Workbook.WorkbookId=vars.WorkbookId
            )
        ) T
        WHERE EXISTS (
            SELECT 1
            FROM boreport.vars
            WHERE WorkbookId IS NOT NULL
        );
    </Procedure>
</Procedures>
