<?xml version="1.0" encoding="UTF-8"?>
<!--
	Module Name: cashlessprocs.xml
	Module Description: Procedures used by the Cashless Service

	Copyright © 2014 MWneo Corporation

	Created by: amerolli
-->
<Procedures>
	<Procedure name="getOrderCashlessDetails">
		SELECT SUBSTR(CardNumberMasked,LENGTH(CardNumberMasked)-3) AS last4digits, CardExpiration, Media
		  FROM cashless.CashlessTransactions
		 WHERE OrderId=CAST(:order_id AS integer);
	</Procedure>
	<Procedure name="getNextTransactionId">
		SELECT MAX(SeqNumber)+1 as trn_id FROM cashless.CashlessTransactions;
	</Procedure>
	<Procedure name="registerTransaction">
		INSERT INTO cashless.CashlessTransactions(Command,Status,StatusHistory,BusinessPeriod,PosId,OperatorId,OrderId,AuthCode,AuthCodeOffline,Amount,ApprovedAmount,Cashback,ApprovedCashback,DataSource,CardNumberCrypto,CardNumberMasked,CardExpiration,CardHolder,Media,ResultText,CvvResult,AvsResult,TransId)
		VALUES (:command,:status,:status_history,:business_period,:pos_id,:operator_id,:order_id,:auth_code,:auth_code_offline,:amount,:approved_amount,:cashback,:approved_cashback,:datasource,:cardnumber_crypto,:cardnumber_masked,:card_expiration,:card_holder,:media,:result_text,:cvv_result,:avs_result,:trans_id);
		SELECT MAX(SeqNumber) FROM cashless.CashlessTransactions;
	</Procedure>
	<Procedure name="updateTransaction">
		UPDATE cashless.CashlessTransactions SET Command=:command,Status=:status,BusinessPeriod=:business_period,PosId=:pos_id,OperatorId=:operator_id,OrderId=:order_id,AuthCode=:auth_code,AuthCodeOffline=:auth_code_offline,Amount=:amount,ApprovedAmount=:approved_amount,Cashback=:cashback,ApprovedCashback=:approved_cashback,DataSource=:datasource,CardNumberCrypto=:cardnumber_crypto,CardNumberMasked=:cardnumber_masked,CardExpiration=:card_expiration,CardHolder=:card_holder,Media=:media,ResultText=:result_text,ResultCode=:result_code,CvvResult=:cvv_result,AvsResult=:avs_result,TransId=:trans_id,OriginalAmount=:original_amount,Tip=:tip
		WHERE SeqNumber=:seq_num
	</Procedure>
	<Procedure name="getPendingTransactions">
		SELECT SeqNumber,Command,Status,StatusHistory,BusinessPeriod,PosId,OperatorId,OrderId,AuthCode,AuthCodeOffline,Amount,ApprovedAmount,Cashback,ApprovedCashback,DataSource,CardNumberCrypto,CardNumberMasked,CardExpiration,CardHolder,Media,ResultText,ResultCode,CvvResult,AvsResult,TransId
		FROM cashless.CashlessTransactions CT
		WHERE CT.DateTime BETWEEN DATETIME('now', '-2 days') AND DATETIME('now', '-1 hours') AND CT.Status=4 AND CT.PosId=:pos_id;
	</Procedure>
</Procedures>
