<?xml version="1.0" encoding="UTF-8"?>
<!--
	Module Name: discountcalcprocs.xml
	Module Description: Procedures used by the Discountcalc Service

	Copyright © 2009 MWneo Corporation

	$Id: discountcalcprocs.xml 10789 2011-10-31 17:29:53Z amerolli $
	$Revision: 10789 $
	$Date: 2011-10-31 15:29:53 -0200 (Mon, 31 Oct 2011) $
	Created by: amerolli Last Modified by: $Author: amerolli $
-->
<Procedures>
	<Procedure name="getCalculateDiscounts">
		INSERT INTO temp.OrderDiscountItem(LineNumber,Level,ItemId,PartCode,DiscountId,MultQty,Qty,ItemPrice,Discount) 
		SELECT 
		  LineNumber,
		  Level,
		  Itemid,
		  PartCode,
		  DiscountId,
		  MultQty,
		  Qty,
		  ItemPrice,
		  CASE WHEN DiscountAmount IS NULL THEN 
			tdmul(COALESCE(ItemPrice,'0'),tddiv(DiscountRate,'100',RoundingScale,RoundingMode),RoundingScale,RoundingMode) 
		  ELSE 
			DiscountAmount 
		  END AS Discount 
		FROM ( 
		  SELECT 
			ODI.LineNumber,
			ODI.Level,
			ODI.Itemid,
			ODI.PartCode,
			ODI.MultQty,
			ODI.Qty,
			ODI.ItemPrice,
			ED.ExemptionId,
			ED.DiscountId,
			ED.DiscountAmount,
			ED.DiscountRate,
			D.RoundingMode,
			D.RoundingScale 
		  FROM temp.OrderDiscountItem ODI 
		  JOIN discountcalc.ExemptionDiscounts ED ON ODI.DiscountId=-1 
		  JOIN discountcalc.Discounts D ON D.DiscountId=ED.DiscountId 
		  LEFT JOIN discountcalc.ProductDiscounts PD ON PD.ItemId=(ODI.ItemId||'.'||ODI.PartCode) AND PD.DiscountId=ED.DiscountId AND PD.Exclude = 'Y' 
		  WHERE ED.ExemptionId=:exemptcode AND 
				(strftime('%Y-%m-%d', :period) BETWEEN D.ValidFrom AND D.ValidThru) AND 
				PD.ItemId IS NULL
		  UNION ALL
		  SELECT 
			ODI.LineNumber,
			ODI.Level,
			ODI.Itemid,
			ODI.PartCode,
			ODI.MultQty,
			ODI.Qty,
			ODI.ItemPrice,
			NULL,
			PD.DiscountId,
			PD.DiscountAmount,
			PD.DiscountRate,
			D.RoundingMode,
			D.RoundingScale 
		  FROM temp.OrderDiscountItem ODI 
		  JOIN discountcalc.ProductDiscounts PD ON PD.ItemId=(ODI.ItemId||'.'||ODI.PartCode) AND PD.Exclude = 'N'
		  JOIN discountcalc.Discounts D ON D.DiscountId=PD.DiscountId 
		  WHERE (strftime('%Y-%m-%d', :period) BETWEEN D.ValidFrom AND D.ValidThru)
		);
		
		DELETE FROM temp.OrderDiscountItem WHERE DiscountId=-1;
		
		SELECT
			LineNumber,
			Level,
			ItemId,
			PartCode,
			ItemDiscount,
			DiscountApplied,
			COALESCE(ItemPriceAD, '0.00')
		FROM temp.OrderDiscountsView 
		ORDER BY LineNumber,Level,ItemId,PartCode;		
	</Procedure>
	<Procedure name="getDiscountTotals">
		SELECT 
			tdscale(D.DiscountsTotal,POS.RoundingScale,POS.RoundingModeId) AS DiscountsTotal, 
			tdsub(:totalamt,D.DiscountsTotal,POS.RoundingScale,POS.RoundingModeId) AS TotalAmountAD 
		FROM (
            SELECT RoundingModeId, RoundingScale FROM orderdb.POS WHERE POSId=:posid
        )   POS, (
            SELECT tdsum(Discounts.Discounts) AS DiscountsTotal
            FROM (
                SELECT tdmul((MultQty/Qty),COALESCE(ItemDiscount,'0.00')) AS Discounts
                FROM temp.OrderDiscountsView 
                UNION ALL
                SELECT COALESCE(:otherdiscounts,0) AS Discounts
            ) Discounts
		)   D;
	</Procedure>
    <Procedure name="getValidProductDiscounts">
        SELECT
            ProductDiscounts.ItemId,
            ProductDiscounts.DiscountId,
            Discounts.DiscountDescr,
            ProductDiscounts.Exclude,
            ProductDiscounts.DiscountAmount,
            ProductDiscounts.DiscountRate
        FROM
            discountcalc.ProductDiscounts ProductDiscounts
        JOIN
            discountcalc.Discounts Discounts
            ON  Discounts.DiscountId=ProductDiscounts.DiscountId
        WHERE
            ProductDiscounts.DiscountId = CAST(:discountId AS INTEGER) AND
            COALESCE(DATE(:businessPeriod),CURRENT_DATE) BETWEEN Discounts.ValidFrom AND Discounts.ValidThru;
    </Procedure>
  <Procedure name="getCoupons">
      SELECT
          Discounts.DiscountId,
          Discounts.DiscountDescr,
          JSONGet('discType', Discounts.ExtraParameters) AS DiscountType
      FROM
          discountcalc.Discounts Discounts
      WHERE
          CAST(JSONGet('restriction', ExtraParameters) AS INTEGER) = 2 AND
          COALESCE(DATE(:businessPeriod),CURRENT_DATE) BETWEEN Discounts.ValidFrom AND Discounts.ValidThru;
  </Procedure>    
</Procedures>
