<?xml version="1.0" encoding="UTF-8"?>
<!--
	Module Name: productmgrprocs.xml
	Module Description: Procedures used by the Product Manager Service

	Copyright © 2009 MWneo Corporation

	$Id: productmgrprocs.xml 5195 2009-10-13 20:29:30Z rrosauro $
	$Revision: 5195 $
	$Date: 2009-10-13 17:29:30 -0300 (Tue, 13 Oct 2009) $
	Created by: amerolli Last Modified by: $Author: rrosauro $
-->
<Procedures>
	<Procedure name="mainMenu">
		SELECT
			ProductName,
			PartName,
			ItemId,
			PartCode
		FROM
			temp.MainMenu
		WHERE (
			CASE WHEN :menuid IS NOT NULL THEN
				CASE WHEN (SUBSTR((ItemId || '.'), 0, LENGTH(:menuid)+1) = :menuid)
					THEN 1
					ELSE 0
				END
			ELSE 1
			END
		) = 1;
	</Procedure>
	<Procedure name="getProductsDimensions">
		SELECT
			DimensionGroups.ProductCode AS ProductCode,
			Dimensions.DimChar AS DimChar,
			Dimensions.DimDescr AS DimDescr
		FROM
			productdb.DimensionGroups DimensionGroups
		JOIN
			productdb.Dimensions Dimensions
			ON Dimensions.DimChar=DimensionGroups.DimChar
		WHERE
			DimensionGroups.ProductCode IN (SELECT id FROM temp.PreparedIntegerTable);
	</Procedure>
	<Procedure name="getProductsCustomParams">
		SELECT
			Product.ProductCode AS ProductCode,
			Product.ProductName AS ProductName,
			CustomParams.CustomParamId AS CustomParamId,
			CustomParams.CustomParamValue AS CustomParamValue,
			ProductTags.Tags AS Tags
		FROM
			productdb.Product Product
		LEFT JOIN
			productdb.ProductCustomParams CustomParams
			ON CustomParams.ProductCode=Product.ProductCode
		LEFT JOIN (
				SELECT
					ProductCode,
					GROUP_CONCAT(ProductTags.Tag) AS Tags
				FROM productdb.ProductTags
				GROUP BY ProductCode
			) AS ProductTags
			ON ProductTags.ProductCode=Product.ProductCode
		WHERE
			Product.ProductCode IN (SELECT id FROM temp.PreparedIntegerTable) AND (
				CASE WHEN :paramid IS NOT NULL THEN
					CASE WHEN CustomParams.CustomParamId = :paramid
						THEN 1
						ELSE 0
					END
				ELSE 1
				END
			) = 1
		ORDER BY ProductCode;
	</Procedure>
	<Procedure name="getProductsCustomParamsByTags">
		SELECT
			Product.ProductCode AS ProductCode,
			Product.ProductName AS ProductName,
			CustomParams.CustomParamId AS CustomParamId,
			CustomParams.CustomParamValue AS CustomParamValue,
			ProductTags.Tags AS Tags
		FROM
			productdb.Product Product
		LEFT JOIN
			productdb.ProductCustomParams CustomParams
			ON CustomParams.ProductCode=Product.ProductCode
		LEFT JOIN (
				SELECT
					ProductCode,
					GROUP_CONCAT(ProductTags.Tag) AS Tags
				FROM productdb.ProductTags
				GROUP BY ProductCode
			) AS ProductTags
			ON ProductTags.ProductCode=Product.ProductCode
		WHERE
			Product.ProductCode IN (
				SELECT
					ProductCode
				FROM
					productdb.ProductTags
				WHERE
					Tag IN (SELECT id FROM temp.PreparedStringTable)
				GROUP BY ProductCode
				HAVING COUNT()=(SELECT COUNT() FROM temp.PreparedStringTable)
			) AND (
				CASE WHEN :paramid IS NOT NULL THEN
					CASE WHEN CustomParams.CustomParamId = :paramid
						THEN 1
						ELSE 0
					END
				ELSE 1
				END
			) = 1
		ORDER BY ProductCode;
	</Procedure>
	<Procedure name="getProductModifiersType">
		SELECT ProductCode, Tag FROM ProductTags WHERE
		ProductCode IN (
    		SELECT ProductCode FROM ProductTags WHERE
    		Tag = 'ModifierParent=:productcode'
		)
		AND Tag LIKE 'ModifierType=%'
		ORDER BY ProductCode
	</Procedure>
	<Procedure name="getSimilarProductFromProductCode">
		SELECT Context, SimilarCode AS SimilarCode
		FROM ProductXREF
		WHERE ProductCode = :productcode AND
		Enabled = 1
	</Procedure>
	<Procedure name="getProductFromSimilarProduct">
		SELECT ProductCode
		FROM ProductXREF
		WHERE SimilarCode = :similarcode
	</Procedure>
	<Procedure name="getAvailableProducts">
		SELECT ProductCode
		FROM ProductKernelParams
		WHERE Enabled = 1
	</Procedure>
	<Procedure name="selectProductProductionInfo">
		SELECT ProductCode,JITLines,ShowOnKitchen,Expiration FROM productdb.Production;
	</Procedure>
	<Procedure name="getProductTags">
		SELECT Tag
		FROM productdb.ProductTags PT
		WHERE PT.ProductCode = :product;
	</Procedure>
	<Procedure name="getProductsWithTag">
		SELECT ProductCode
		FROM productdb.ProductTags PT
		WHERE PT.Tag = :tag;
	</Procedure>
	<Procedure name="getDefaultRecipe">
		SELECT P.ProductCode, P.ProductName, PP.DefaultQty
		FROM productdb.ProductPart PP
		JOIN productdb.Product P ON P.ProductCode = PP.PartCode
		WHERE PP.ProductCode = :product AND PP.DefaultQty &gt; 0  AND PP.CustomAttr is not NULL AND PP.CustomAttr like '%categories%';
	</Procedure>
	<Procedure name="getProductsFromCourse">
		SELECT ProductCode
		FROM productdb.ProductCustomParams PCP
		WHERE PCP.CustomParamId = 'course' AND PCP.CustomParamValue = :course;
	</Procedure>
</Procedures>
