{
  "defaultTheme": "3s-checkout",
  "themes": [
    {
      "name": "dark-theme",

      "screenBackground": "#D5DBDB",
      "defaultBackground": "#707B7C",
      "modalOverlayBackground": "rgba(24, 39, 56, 0.85)",
      "backgroundColor": "#000000",
      "color": "#FFFFFF",

      "defaultIconColor": "#000000",
      "defaultIconBackground": "#000000",
      "activeBackgroundColor": "#424949 !important",
      "activeColor": "white !important",
      "pressedBackgroundColor": "#000000 !important",
      "pressedColor": "white !important",

      "disabledBackgroundColor": "#BDC3C7 !important",
      "disabledColor": "white !important",
      "productBackgroundColor": "#000000 !important",
      "productColor": "black !important",
      "titleBackgroundColor": "#212F3C !important"
    },
    {
      "name": "e-deploy",

      "defaultBackground": "#FFFFFF",
      "modalOverlayBackground": "rgba(24, 39, 56, 0.85)",
      "backgroundColor": "#FFFFFF",
      "color": "#000000",

      "defaultIconColor": "#000000",
      "defaultIconBackground": "blue",
      "activeBackgroundColor": "#EF5350 !important",
      "activeColor": "white !important",
      "pressedBackgroundColor": "#FF0000 !important",
      "pressedColor": "white !important",

      "disabledBackgroundColor": "#BDC3C7 !important",
      "disabledColor": "white !important",
      "productBackgroundColor": "#FF0000 !important",
      "productColor": "black !important",
      "titleBackgroundColor": "#FFCDD2 !important"
    }
  ]
}
